Area code;Donor;Project Code;Session No;legal or protection;Oblast;Raion;Hromada;Location name;Date;Topic;Language;Facilitator;Settlement type;Gender;Age;Status;Delivered;Comments
CHJ - Chernihiv;ECHO;UKR-000269;1;Protection;Chernihivska;Chernihivskyi;Kyinska;Trysviatska Sloboda;12.12.2022;Stigma and barriers to access to psychological help;ukrainian;Mykola Hlova, Olga Kaminska;Rural;Female;22;IDP;YES;
CHJ - Chernihiv;ECHO;UKR-000269;1;Protection;Chernihivska;Chernihivskyi;Kyinska;Trysviatska Sloboda;12.12.2022;Stigma and barriers to access to psychological help;ukrainian;Mykola Hlova, Olga Kaminska;Rural;Female;51;IDP;YES;
CHJ - Chernihiv;ECHO;UKR-000269;1;Protection;Chernihivska;Chernihivskyi;Kyinska;Trysviatska Sloboda;12.12.2022;Stigma and barriers to access to psychological help;ukrainian;Mykola Hlova, Olga Kaminska;Rural;Female;70;Conflict affected;YES;
CHJ - Chernihiv;ECHO;UKR-000269;1;Protection;Chernihivska;Chernihivskyi;Kyinska;Trysviatska Sloboda;12.12.2022;Stigma and barriers to access to psychological help;ukrainian;Mykola Hlova, Olga Kaminska;Rural;Female;40;Conflict affected;YES;
CHJ - Chernihiv;ECHO;UKR-000269;1;Protection;Chernihivska;Chernihivskyi;Kyinska;Trysviatska Sloboda;12.12.2022;Stigma and barriers to access to psychological help;ukrainian;Mykola Hlova, Olga Kaminska;Rural;Female;58;Conflict affected;YES;
CHJ - Chernihiv;ECHO;UKR-000269;1;Protection;Chernihivska;Chernihivskyi;Kyinska;Trysviatska Sloboda;12.12.2022;Stigma and barriers to access to psychological help;ukrainian;Mykola Hlova, Olga Kaminska;Rural;Female;37;Conflict affected;YES;
CHJ - Chernihiv;ECHO;UKR-000269;1;Protection;Chernihivska;Chernihivskyi;Kyinska;Trysviatska Sloboda;12.12.2022;Stigma and barriers to access to psychological help;ukrainian;Mykola Hlova, Olga Kaminska;Rural;Female;59;Conflict affected;YES;
CHJ - Chernihiv;ECHO;UKR-000269;1;Protection;Chernihivska;Chernihivskyi;Kyinska;Trysviatska Sloboda;12.12.2022;Stigma and barriers to access to psychological help;ukrainian;Mykola Hlova, Olga Kaminska;Rural;Female;67;Conflict affected;YES;
CHJ - Chernihiv;ECHO;UKR-000269;1;Protection;Chernihivska;Chernihivskyi;Kyinska;Trysviatska Sloboda;12.12.2022;Stigma and barriers to access to psychological help;ukrainian;Mykola Hlova, Olga Kaminska;Rural;Female;68;Conflict affected;YES;
CHJ - Chernihiv;ECHO;UKR-000269;2;Protection;Chernihivska;Chernihivskyi;Horodnianska;Horodnia;14.12.2022;Stigma and barriers to access to psychological help;ukrainian;Mykola Hlova, Olga Kaminska;Rural;Female;57;IDP;YES;
CHJ - Chernihiv;ECHO;UKR-000269;2;Protection;Chernihivska;Chernihivskyi;Horodnianska;Horodnia;14.12.2022;Stigma and barriers to access to psychological help;ukrainian;Mykola Hlova, Olga Kaminska;Rural;Female;69;IDP;YES;
CHJ - Chernihiv;ECHO;UKR-000269;2;Protection;Chernihivska;Chernihivskyi;Horodnianska;Horodnia;14.12.2022;Stigma and barriers to access to psychological help;ukrainian;Mykola Hlova, Olga Kaminska;Rural;Female;65;Conflict affected;YES;
CHJ - Chernihiv;ECHO;UKR-000269;2;Protection;Chernihivska;Chernihivskyi;Horodnianska;Horodnia;14.12.2022;Stigma and barriers to access to psychological help;ukrainian;Mykola Hlova, Olga Kaminska;Rural;Female;65;Conflict affected;YES;
CHJ - Chernihiv;ECHO;UKR-000269;2;Protection;Chernihivska;Chernihivskyi;Horodnianska;Horodnia;14.12.2022;Stigma and barriers to access to psychological help;ukrainian;Mykola Hlova, Olga Kaminska;Rural;Male;38;Conflict affected;YES;
CHJ - Chernihiv;ECHO;UKR-000269;2;Protection;Chernihivska;Chernihivskyi;Horodnianska;Horodnia;14.12.2022;Stigma and barriers to access to psychological help;ukrainian;Mykola Hlova, Olga Kaminska;Rural;Female;49;Conflict affected;YES;
CHJ - Chernihiv;ECHO;UKR-000269;2;Protection;Chernihivska;Chernihivskyi;Horodnianska;Horodnia;14.12.2022;Stigma and barriers to access to psychological help;ukrainian;Mykola Hlova, Olga Kaminska;Rural;Female;54;Conflict affected;YES;
CHJ - Chernihiv;ECHO;UKR-000269;2;Protection;Chernihivska;Chernihivskyi;Horodnianska;Horodnia;14.12.2022;Stigma and barriers to access to psychological help;ukrainian;Mykola Hlova, Olga Kaminska;Rural;Male;50;Conflict affected;YES;
CHJ - Chernihiv;ECHO;UKR-000269;2;Protection;Chernihivska;Chernihivskyi;Horodnianska;Horodnia;14.12.2022;Stigma and barriers to access to psychological help;ukrainian;Mykola Hlova, Olga Kaminska;Rural;Female;33;IDP;YES;
CHJ - Chernihiv;ECHO;UKR-000269;2;Protection;Chernihivska;Chernihivskyi;Horodnianska;Horodnia;14.12.2022;Stigma and barriers to access to psychological help;ukrainian;Mykola Hlova, Olga Kaminska;Rural;Female;55;Conflict affected;YES;
CHJ - Chernihiv;ECHO;UKR-000269;2;Protection;Chernihivska;Chernihivskyi;Horodnianska;Horodnia;14.12.2022;Stigma and barriers to access to psychological help;ukrainian;Mykola Hlova, Olga Kaminska;Rural;Female;62;Conflict affected;YES;
CHJ - Chernihiv;ECHO;UKR-000269;2;Protection;Chernihivska;Chernihivskyi;Horodnianska;Horodnia;14.12.2022;Stigma and barriers to access to psychological help;ukrainian;Mykola Hlova, Olga Kaminska;Rural;Female;55;Conflict affected;YES;
CHJ - Chernihiv;ECHO;UKR-000269;3;Protection;Chernihivska;Chernihivskyi;Novobilouska;Selianska Sloboda;15.03.2023;Stigma and barriers to access to psychological help;ukrainian;Mykola Hlova, Olga Kaminska;Rural;Female;65;Conflict affected;YES;
CHJ - Chernihiv;ECHO;UKR-000269;3;Protection;Chernihivska;Chernihivskyi;Novobilouska;Selianska Sloboda;15.03.2023;Stigma and barriers to access to psychological help;ukrainian;Mykola Hlova, Olga Kaminska;Rural;Female;56;Conflict affected;YES;
CHJ - Chernihiv;ECHO;UKR-000269;3;Protection;Chernihivska;Chernihivskyi;Novobilouska;Selianska Sloboda;15.03.2023;Stigma and barriers to access to psychological help;ukrainian;Mykola Hlova, Olga Kaminska;Rural;Female;63;Conflict affected;YES;
CHJ - Chernihiv;ECHO;UKR-000269;3;Protection;Chernihivska;Chernihivskyi;Novobilouska;Selianska Sloboda;15.03.2023;Stigma and barriers to access to psychological help;ukrainian;Mykola Hlova, Olga Kaminska;Rural;Female;56;Conflict affected;YES;
CHJ - Chernihiv;ECHO;UKR-000269;3;Protection;Chernihivska;Chernihivskyi;Novobilouska;Selianska Sloboda;15.03.2023;Stigma and barriers to access to psychological help;ukrainian;Mykola Hlova, Olga Kaminska;Rural;Female;50;Conflict affected;YES;
CHJ - Chernihiv;ECHO;UKR-000269;3;Protection;Chernihivska;Chernihivskyi;Novobilouska;Selianska Sloboda;15.03.2023;Stigma and barriers to access to psychological help;ukrainian;Mykola Hlova, Olga Kaminska;Rural;Female;66;Conflict affected;YES;
CHJ - Chernihiv;ECHO;UKR-000269;3;Protection;Chernihivska;Chernihivskyi;Novobilouska;Selianska Sloboda;15.03.2023;Stigma and barriers to access to psychological help;ukrainian;Mykola Hlova, Olga Kaminska;Rural;Female;63;Conflict affected;YES;
CHJ - Chernihiv;ECHO;UKR-000269;3;Protection;Chernihivska;Chernihivskyi;Novobilouska;Selianska Sloboda;15.03.2023;Stigma and barriers to access to psychological help;ukrainian;Mykola Hlova, Olga Kaminska;Rural;Female;68;Conflict affected;YES;
CHJ - Chernihiv;ECHO;UKR-000269;3;Protection;Chernihivska;Chernihivskyi;Novobilouska;Selianska Sloboda;15.03.2023;Stigma and barriers to access to psychological help;ukrainian;Mykola Hlova, Olga Kaminska;Rural;Female;70;Conflict affected;YES;
CHJ - Chernihiv;ECHO;UKR-000269;3;Protection;Chernihivska;Chernihivskyi;Novobilouska;Selianska Sloboda;15.03.2023;Stigma and barriers to access to psychological help;ukrainian;Mykola Hlova, Olga Kaminska;Rural;Female;52;Conflict affected;YES;
CHJ - Chernihiv;ECHO;UKR-000269;3;Protection;Chernihivska;Chernihivskyi;Novobilouska;Selianska Sloboda;15.03.2023;Stigma and barriers to access to psychological help;ukrainian;Mykola Hlova, Olga Kaminska;Rural;Female;71;Conflict affected;YES;
CHJ - Chernihiv;ECHO;UKR-000269;3;Protection;Chernihivska;Chernihivskyi;Novobilouska;Selianska Sloboda;15.03.2023;Stigma and barriers to access to psychological help;ukrainian;Mykola Hlova, Olga Kaminska;Rural;Female;57;Conflict affected;YES;
CHJ - Chernihiv;ECHO;UKR-000269;4;Protection;Chernihivska;Chernihivskyi;Mykhailo-Kotsiubynska;Pakul;20.03.2023;Stigma and barriers to access to psychological help;ukrainian;Mykola Hlova, Olga Kaminska;Rural;Female;60;Conflict affected;YES;
CHJ - Chernihiv;ECHO;UKR-000269;4;Protection;Chernihivska;Chernihivskyi;Mykhailo-Kotsiubynska;Pakul;20.03.2023;Stigma and barriers to access to psychological help;ukrainian;Mykola Hlova, Olga Kaminska;Rural;Female;64;Conflict affected;YES;
CHJ - Chernihiv;ECHO;UKR-000269;4;Protection;Chernihivska;Chernihivskyi;Mykhailo-Kotsiubynska;Pakul;20.03.2023;Stigma and barriers to access to psychological help;ukrainian;Mykola Hlova, Olga Kaminska;Rural;Female;56;Conflict affected;YES;
CHJ - Chernihiv;ECHO;UKR-000269;4;Protection;Chernihivska;Chernihivskyi;Mykhailo-Kotsiubynska;Pakul;20.03.2023;Stigma and barriers to access to psychological help;ukrainian;Mykola Hlova, Olga Kaminska;Rural;Female;76;Conflict affected;YES;
CHJ - Chernihiv;ECHO;UKR-000269;4;Protection;Chernihivska;Chernihivskyi;Mykhailo-Kotsiubynska;Pakul;20.03.2023;Stigma and barriers to access to psychological help;ukrainian;Mykola Hlova, Olga Kaminska;Rural;Female;61;Conflict affected;YES;
CHJ - Chernihiv;ECHO;UKR-000269;4;Protection;Chernihivska;Chernihivskyi;Mykhailo-Kotsiubynska;Pakul;20.03.2023;Stigma and barriers to access to psychological help;ukrainian;Mykola Hlova, Olga Kaminska;Rural;Female;42;Conflict affected;YES;
CHJ - Chernihiv;ECHO;UKR-000269;4;Protection;Chernihivska;Chernihivskyi;Mykhailo-Kotsiubynska;Pakul;20.03.2023;Stigma and barriers to access to psychological help;ukrainian;Mykola Hlova, Olga Kaminska;Rural;Female;54;Conflict affected;YES;
CHJ - Chernihiv;ECHO;UKR-000269;4;Protection;Chernihivska;Chernihivskyi;Mykhailo-Kotsiubynska;Pakul;20.03.2023;Stigma and barriers to access to psychological help;ukrainian;Mykola Hlova, Olga Kaminska;Rural;Female;62;Conflict affected;YES;
CHJ - Chernihiv;ECHO;UKR-000269;4;Protection;Chernihivska;Chernihivskyi;Mykhailo-Kotsiubynska;Pakul;20.03.2023;Stigma and barriers to access to psychological help;ukrainian;Mykola Hlova, Olga Kaminska;Rural;Female;53;Conflict affected;YES;
CHJ - Chernihiv;ECHO;UKR-000269;4;Protection;Chernihivska;Chernihivskyi;Mykhailo-Kotsiubynska;Pakul;20.03.2023;Stigma and barriers to access to psychological help;ukrainian;Mykola Hlova, Olga Kaminska;Rural;Female;42;Conflict affected;YES;
CHJ - Chernihiv;ECHO;UKR-000269;4;Protection;Chernihivska;Chernihivskyi;Mykhailo-Kotsiubynska;Pakul;20.03.2023;Stigma and barriers to access to psychological help;ukrainian;Mykola Hlova, Olga Kaminska;Rural;Female;53;Conflict affected;YES;
CHJ - Chernihiv;ECHO;UKR-000269;4;Protection;Chernihivska;Chernihivskyi;Mykhailo-Kotsiubynska;Pakul;20.03.2023;Stigma and barriers to access to psychological help;ukrainian;Mykola Hlova, Olga Kaminska;Rural;Female;34;Conflict affected;YES;
CHJ - Chernihiv;ECHO;UKR-000269;4;Protection;Chernihivska;Chernihivskyi;Mykhailo-Kotsiubynska;Pakul;20.03.2023;Stigma and barriers to access to psychological help;ukrainian;Mykola Hlova, Olga Kaminska;Rural;Male;80;Conflict affected;YES;
CHJ - Chernihiv;ECHO;UKR-000269;5;Protection;Chernihivska;Chernihivskyi;Kyinska;Trysviatska Sloboda;21.03.2023;Access to general services;ukrainian;Andrii Moseiko, Yurii Stankevych;Rural;Female;73;Conflict affected;YES;
CHJ - Chernihiv;ECHO;UKR-000269;5;Protection;Chernihivska;Chernihivskyi;Kyinska;Trysviatska Sloboda;21.03.2023;Access to general services;ukrainian;Andrii Moseiko, Yurii Stankevych;Rural;Female;59;Conflict affected;YES;
CHJ - Chernihiv;ECHO;UKR-000269;5;Protection;Chernihivska;Chernihivskyi;Kyinska;Trysviatska Sloboda;21.03.2023;Access to general services;ukrainian;Andrii Moseiko, Yurii Stankevych;Rural;Female;68;IDP;YES;
CHJ - Chernihiv;ECHO;UKR-000269;5;Protection;Chernihivska;Chernihivskyi;Kyinska;Trysviatska Sloboda;21.03.2023;Access to general services;ukrainian;Andrii Moseiko, Yurii Stankevych;Rural;Female;67;Conflict affected;YES;
CHJ - Chernihiv;ECHO;UKR-000269;5;Protection;Chernihivska;Chernihivskyi;Kyinska;Trysviatska Sloboda;21.03.2023;Access to general services;ukrainian;Andrii Moseiko, Yurii Stankevych;Rural;Female;64;Conflict affected;YES;
CHJ - Chernihiv;ECHO;UKR-000269;5;Protection;Chernihivska;Chernihivskyi;Kyinska;Trysviatska Sloboda;21.03.2023;Access to general services;ukrainian;Andrii Moseiko, Yurii Stankevych;Rural;Female;75;Conflict affected;YES;
CHJ - Chernihiv;ECHO;UKR-000269;5;Protection;Chernihivska;Chernihivskyi;Kyinska;Trysviatska Sloboda;21.03.2023;Access to general services;ukrainian;Andrii Moseiko, Yurii Stankevych;Rural;Female;22;Conflict affected;YES;
CHJ - Chernihiv;ECHO;UKR-000269;5;Protection;Chernihivska;Chernihivskyi;Kyinska;Trysviatska Sloboda;21.03.2023;Access to general services;ukrainian;Andrii Moseiko, Yurii Stankevych;Rural;Female;51;Conflict affected;YES;
CHJ - Chernihiv;ECHO;UKR-000269;5;Protection;Chernihivska;Chernihivskyi;Kyinska;Trysviatska Sloboda;21.03.2023;Access to general services;ukrainian;Andrii Moseiko, Yurii Stankevych;Rural;Female;66;Conflict affected;YES;
CHJ - Chernihiv;ECHO;UKR-000269;5;Protection;Chernihivska;Chernihivskyi;Kyinska;Trysviatska Sloboda;21.03.2023;Access to general services;ukrainian;Andrii Moseiko, Yurii Stankevych;Rural;Female;37;Conflict affected;YES;
CHJ - Chernihiv;ECHO;UKR-000269;5;Protection;Chernihivska;Chernihivskyi;Kyinska;Trysviatska Sloboda;21.03.2023;Access to general services;ukrainian;Andrii Moseiko, Yurii Stankevych;Rural;Female;41;Conflict affected;YES;
CHJ - Chernihiv;ECHO;UKR-000269;6;Protection;Chernihivska;Chernihivskyi;Novobilouska;Selianska Sloboda;21.03.2023;Access to general services;ukrainian;Valeriia Yakubenko, Yurii Stankevych;Rural;Female;56;Conflict affected;YES;
CHJ - Chernihiv;ECHO;UKR-000269;6;Protection;Chernihivska;Chernihivskyi;Novobilouska;Selianska Sloboda;21.03.2023;Access to general services;ukrainian;Valeriia Yakubenko, Yurii Stankevych;Rural;Female;56;Conflict affected;YES;
CHJ - Chernihiv;ECHO;UKR-000269;6;Protection;Chernihivska;Chernihivskyi;Novobilouska;Selianska Sloboda;21.03.2023;Access to general services;ukrainian;Valeriia Yakubenko, Yurii Stankevych;Rural;Male;63;Conflict affected;YES;
CHJ - Chernihiv;ECHO;UKR-000269;6;Protection;Chernihivska;Chernihivskyi;Novobilouska;Selianska Sloboda;21.03.2023;Access to general services;ukrainian;Valeriia Yakubenko, Yurii Stankevych;Rural;Female;50;Conflict affected;YES;
CHJ - Chernihiv;ECHO;UKR-000269;6;Protection;Chernihivska;Chernihivskyi;Novobilouska;Selianska Sloboda;21.03.2023;Access to general services;ukrainian;Valeriia Yakubenko, Yurii Stankevych;Rural;Female;57;Conflict affected;YES;
CHJ - Chernihiv;ECHO;UKR-000269;6;Protection;Chernihivska;Chernihivskyi;Novobilouska;Selianska Sloboda;21.03.2023;Access to general services;ukrainian;Valeriia Yakubenko, Yurii Stankevych;Rural;Female;63;Conflict affected;YES;
CHJ - Chernihiv;ECHO;UKR-000269;6;Protection;Chernihivska;Chernihivskyi;Novobilouska;Selianska Sloboda;21.03.2023;Access to general services;ukrainian;Valeriia Yakubenko, Yurii Stankevych;Rural;Female;62;Conflict affected;YES;
CHJ - Chernihiv;ECHO;UKR-000269;6;Protection;Chernihivska;Chernihivskyi;Novobilouska;Selianska Sloboda;21.03.2023;Access to general services;ukrainian;Valeriia Yakubenko, Yurii Stankevych;Rural;Female;57;Conflict affected;YES;
CHJ - Chernihiv;ECHO;UKR-000269;7;Protection;Chernihivska;Prylutskyi;Ichnianska;"	Ichnia";23.03.2023;Access to general services;ukrainian;Valeriia Yakubenko, Yurii Stankevych;Urban;Female;20;IDP;YES;
CHJ - Chernihiv;ECHO;UKR-000269;7;Protection;Chernihivska;Prylutskyi;Ichnianska;"	Ichnia";23.03.2023;Access to general services;ukrainian;Valeriia Yakubenko, Yurii Stankevych;Urban;Female;38;IDP;YES;
CHJ - Chernihiv;ECHO;UKR-000269;7;Protection;Chernihivska;Prylutskyi;Ichnianska;"	Ichnia";23.03.2023;Access to general services;ukrainian;Valeriia Yakubenko, Yurii Stankevych;Urban;Female;29;IDP;YES;
CHJ - Chernihiv;ECHO;UKR-000269;7;Protection;Chernihivska;Prylutskyi;Ichnianska;"	Ichnia";23.03.2023;Access to general services;ukrainian;Valeriia Yakubenko, Yurii Stankevych;Urban;Female;32;IDP;YES;
CHJ - Chernihiv;ECHO;UKR-000269;7;Protection;Chernihivska;Prylutskyi;Ichnianska;"	Ichnia";23.03.2023;Access to general services;ukrainian;Valeriia Yakubenko, Yurii Stankevych;Urban;Female;51;IDP;YES;
CHJ - Chernihiv;ECHO;UKR-000269;7;Protection;Chernihivska;Prylutskyi;Ichnianska;"	Ichnia";23.03.2023;Access to general services;ukrainian;Valeriia Yakubenko, Yurii Stankevych;Urban;Male;33;IDP;YES;
CHJ - Chernihiv;ECHO;UKR-000269;7;Protection;Chernihivska;Prylutskyi;Ichnianska;"	Ichnia";23.03.2023;Access to general services;ukrainian;Valeriia Yakubenko, Yurii Stankevych;Urban;Female;34;IDP;YES;
CHJ - Chernihiv;ECHO;UKR-000269;7;Protection;Chernihivska;Prylutskyi;Ichnianska;"	Ichnia";23.03.2023;Access to general services;ukrainian;Valeriia Yakubenko, Yurii Stankevych;Urban;Female;33;IDP;YES;
CHJ - Chernihiv;ECHO;UKR-000269;7;Protection;Chernihivska;Prylutskyi;Ichnianska;"	Ichnia";23.03.2023;Access to general services;ukrainian;Valeriia Yakubenko, Yurii Stankevych;Urban;Female;45;IDP;YES;
CHJ - Chernihiv;ECHO;UKR-000269;7;Protection;Chernihivska;Prylutskyi;Ichnianska;"	Ichnia";23.03.2023;Access to general services;ukrainian;Valeriia Yakubenko, Yurii Stankevych;Urban;Female;40;IDP;YES;
CHJ - Chernihiv;ECHO;UKR-000269;7;Protection;Chernihivska;Prylutskyi;Ichnianska;"	Ichnia";23.03.2023;Access to general services;ukrainian;Valeriia Yakubenko, Yurii Stankevych;Urban;Female;39;IDP;YES;
CHJ - Chernihiv;ECHO;UKR-000269;7;Protection;Chernihivska;Prylutskyi;Ichnianska;"	Ichnia";23.03.2023;Access to general services;ukrainian;Valeriia Yakubenko, Yurii Stankevych;Urban;Female;36;IDP;YES;
CHJ - Chernihiv;ECHO;UKR-000269;7;Protection;Chernihivska;Prylutskyi;Ichnianska;"	Ichnia";23.03.2023;Access to general services;ukrainian;Valeriia Yakubenko, Yurii Stankevych;Urban;Female;51;IDP;YES;
CHJ - Chernihiv;ECHO;UKR-000269;7;Protection;Chernihivska;Prylutskyi;Ichnianska;"	Ichnia";23.03.2023;Access to general services;ukrainian;Valeriia Yakubenko, Yurii Stankevych;Urban;Female;34;IDP;YES;
CHJ - Chernihiv;ECHO;UKR-000269;7;Protection;Chernihivska;Prylutskyi;Ichnianska;"	Ichnia";23.03.2023;Access to general services;ukrainian;Valeriia Yakubenko, Yurii Stankevych;Urban;Female;38;IDP;YES;
CHJ - Chernihiv;ECHO;UKR-000269;7;Protection;Chernihivska;Prylutskyi;Ichnianska;"	Ichnia";23.03.2023;Access to general services;ukrainian;Valeriia Yakubenko, Yurii Stankevych;Urban;Female;48;IDP;YES;
CHJ - Chernihiv;ECHO;UKR-000269;7;Protection;Chernihivska;Prylutskyi;Ichnianska;"	Ichnia";23.03.2023;Access to general services;ukrainian;Valeriia Yakubenko, Yurii Stankevych;Urban;Female;39;IDP;YES;
CHJ - Chernihiv;ECHO;UKR-000269;7;Protection;Chernihivska;Prylutskyi;Ichnianska;"	Ichnia";23.03.2023;Access to general services;ukrainian;Valeriia Yakubenko, Yurii Stankevych;Urban;Female;40;IDP;YES;
CHJ - Chernihiv;ECHO;UKR-000269;7;Protection;Chernihivska;Prylutskyi;Ichnianska;"	Ichnia";23.03.2023;Access to general services;ukrainian;Valeriia Yakubenko, Yurii Stankevych;Urban;Female;36;IDP;YES;
CHJ - Chernihiv;ECHO;UKR-000269;7;Protection;Chernihivska;Prylutskyi;Ichnianska;"	Ichnia";23.03.2023;Access to general services;ukrainian;Valeriia Yakubenko, Yurii Stankevych;Urban;Female;38;IDP;YES;
CHJ - Chernihiv;ECHO;UKR-000269;7;Protection;Chernihivska;Prylutskyi;Ichnianska;"	Ichnia";23.03.2023;Access to general services;ukrainian;Valeriia Yakubenko, Yurii Stankevych;Urban;Female;30;IDP;YES;
CHJ - Chernihiv;ECHO;UKR-000269;8;Protection;Chernihivska;Koriukivskyi;Snovska;Snovsk;29.03.2023;Access to general services;ukrainian;Valeriia Yakubenko, Yurii Stankevych;Urban;Male;65;IDP;YES;
CHJ - Chernihiv;ECHO;UKR-000269;8;Protection;Chernihivska;Koriukivskyi;Snovska;Snovsk;29.03.2023;Access to general services;ukrainian;Valeriia Yakubenko, Yurii Stankevych;Urban;Female;62;IDP;YES;
CHJ - Chernihiv;ECHO;UKR-000269;8;Protection;Chernihivska;Koriukivskyi;Snovska;Snovsk;29.03.2023;Access to general services;ukrainian;Valeriia Yakubenko, Yurii Stankevych;Urban;Female;70;IDP;YES;
CHJ - Chernihiv;ECHO;UKR-000269;8;Protection;Chernihivska;Koriukivskyi;Snovska;Snovsk;29.03.2023;Access to general services;ukrainian;Valeriia Yakubenko, Yurii Stankevych;Urban;Female;38;IDP;YES;
CHJ - Chernihiv;ECHO;UKR-000269;8;Protection;Chernihivska;Koriukivskyi;Snovska;Snovsk;29.03.2023;Access to general services;ukrainian;Valeriia Yakubenko, Yurii Stankevych;Urban;Female;60;IDP;YES;
CHJ - Chernihiv;ECHO;UKR-000269;8;Protection;Chernihivska;Koriukivskyi;Snovska;Snovsk;29.03.2023;Access to general services;ukrainian;Valeriia Yakubenko, Yurii Stankevych;Urban;Female;49;Conflict affected;YES;
CHJ - Chernihiv;ECHO;UKR-000269;8;Protection;Chernihivska;Koriukivskyi;Snovska;Snovsk;29.03.2023;Access to general services;ukrainian;Valeriia Yakubenko, Yurii Stankevych;Urban;Female;45;IDP;YES;
CHJ - Chernihiv;ECHO;UKR-000269;9;Protection;Chernihivska;Prylutskyi;Ichnianska;Ichnia;07.04.2023;Access to general services;ukrainian;Valeriia Yakubenko, Yurii Stankevych;Urban;Female;41;Conflict affected;YES;
CHJ - Chernihiv;ECHO;UKR-000269;9;Protection;Chernihivska;Prylutskyi;Ichnianska;Ichnia;07.04.2023;Access to general services;ukrainian;Valeriia Yakubenko, Yurii Stankevych;Urban;Female;38;Conflict affected;YES;
CHJ - Chernihiv;ECHO;UKR-000269;9;Protection;Chernihivska;Prylutskyi;Ichnianska;Ichnia;07.04.2023;Access to general services;ukrainian;Valeriia Yakubenko, Yurii Stankevych;Urban;Female;47;Conflict affected;YES;
CHJ - Chernihiv;ECHO;UKR-000269;9;Protection;Chernihivska;Prylutskyi;Ichnianska;Ichnia;07.04.2023;Access to general services;ukrainian;Valeriia Yakubenko, Yurii Stankevych;Urban;Male;32;Host community;YES;
CHJ - Chernihiv;ECHO;UKR-000269;9;Protection;Chernihivska;Prylutskyi;Ichnianska;Ichnia;07.04.2023;Access to general services;ukrainian;Valeriia Yakubenko, Yurii Stankevych;Urban;Female;33;Conflict affected;YES;
CHJ - Chernihiv;ECHO;UKR-000269;9;Protection;Chernihivska;Prylutskyi;Ichnianska;Ichnia;07.04.2023;Access to general services;ukrainian;Valeriia Yakubenko, Yurii Stankevych;Urban;Female;56;Conflict affected;YES;
CHJ - Chernihiv;ECHO;UKR-000269;9;Protection;Chernihivska;Prylutskyi;Ichnianska;Ichnia;07.04.2023;Access to general services;ukrainian;Valeriia Yakubenko, Yurii Stankevych;Urban;Female;34;Conflict affected;YES;
CHJ - Chernihiv;ECHO;UKR-000269;9;Protection;Chernihivska;Prylutskyi;Ichnianska;Ichnia;07.04.2023;Access to general services;ukrainian;Valeriia Yakubenko, Yurii Stankevych;Urban;Female;61;IDP;YES;
CHJ - Chernihiv;ECHO;UKR-000269;9;Protection;Chernihivska;Prylutskyi;Ichnianska;Ichnia;07.04.2023;Access to general services;ukrainian;Valeriia Yakubenko, Yurii Stankevych;Urban;Female;73;IDP;YES;
CHJ - Chernihiv;ECHO;UKR-000269;9;Protection;Chernihivska;Prylutskyi;Ichnianska;Ichnia;07.04.2023;Access to general services;ukrainian;Valeriia Yakubenko, Yurii Stankevych;Urban;Female;39;Conflict affected;YES;
CHJ - Chernihiv;ECHO;UKR-000269;9;Protection;Chernihivska;Prylutskyi;Ichnianska;Ichnia;07.04.2023;Access to general services;ukrainian;Valeriia Yakubenko, Yurii Stankevych;Urban;Female;49;Conflict affected;YES;
CHJ - Chernihiv;ECHO;UKR-000269;9;Protection;Chernihivska;Prylutskyi;Ichnianska;Ichnia;07.04.2023;Access to general services;ukrainian;Valeriia Yakubenko, Yurii Stankevych;Urban;Male;60;Host community;YES;
CHJ - Chernihiv;ECHO;UKR-000269;9;Protection;Chernihivska;Prylutskyi;Ichnianska;Ichnia;07.04.2023;Access to general services;ukrainian;Valeriia Yakubenko, Yurii Stankevych;Urban;Male;65;IDP;YES;
CHJ - Chernihiv;ECHO;UKR-000269;9;Protection;Chernihivska;Prylutskyi;Ichnianska;Ichnia;07.04.2023;Access to general services;ukrainian;Valeriia Yakubenko, Yurii Stankevych;Urban;Female;50;Conflict affected;YES;
CHJ - Chernihiv;ECHO;UKR-000269;9;Protection;Chernihivska;Prylutskyi;Ichnianska;Ichnia;07.04.2023;Access to general services;ukrainian;Valeriia Yakubenko, Yurii Stankevych;Urban;Female;34;Conflict affected;YES;
CHJ - Chernihiv;ECHO;UKR-000269;9;Protection;Chernihivska;Prylutskyi;Ichnianska;Ichnia;07.04.2023;Access to general services;ukrainian;Valeriia Yakubenko, Yurii Stankevych;Urban;Female;54;Conflict affected;YES;
CHJ - Chernihiv;ECHO;UKR-000269;9;Protection;Chernihivska;Prylutskyi;Ichnianska;Ichnia;07.04.2023;Access to general services;ukrainian;Valeriia Yakubenko, Yurii Stankevych;Urban;Female;39;Conflict affected;YES;
CHJ - Chernihiv;ECHO 2023;UKR-000322;10;Protection;Chernihivska;Chernihivskyi;Tupychivska;Vykhvosiv;31.07.2023;Stigma and barriers to access to psychological help;ukrainian;Valeriia Yakubenko, Mykola Hlova;Rural;Female;55;Conflict affected;YES;
CHJ - Chernihiv;ECHO 2023;UKR-000322;10;Protection;Chernihivska;Chernihivskyi;Tupychivska;Vykhvosiv;31.07.2023;Stigma and barriers to access to psychological help;ukrainian;Valeriia Yakubenko, Mykola Hlova;Rural;Female;55;Conflict affected;YES;
CHJ - Chernihiv;ECHO 2023;UKR-000322;10;Protection;Chernihivska;Chernihivskyi;Tupychivska;Vykhvosiv;31.07.2023;Stigma and barriers to access to psychological help;ukrainian;Valeriia Yakubenko, Mykola Hlova;Rural;Female;58;Conflict affected;YES;
CHJ - Chernihiv;ECHO 2023;UKR-000322;10;Protection;Chernihivska;Chernihivskyi;Tupychivska;Vykhvosiv;31.07.2023;Stigma and barriers to access to psychological help;ukrainian;Valeriia Yakubenko, Mykola Hlova;Rural;Female;55;Conflict affected;YES;
CHJ - Chernihiv;ECHO 2023;UKR-000322;10;Protection;Chernihivska;Chernihivskyi;Tupychivska;Vykhvosiv;31.07.2023;Stigma and barriers to access to psychological help;ukrainian;Valeriia Yakubenko, Mykola Hlova;Rural;Female;43;Conflict affected;YES;
CHJ - Chernihiv;ECHO 2023;UKR-000322;10;Protection;Chernihivska;Chernihivskyi;Tupychivska;Vykhvosiv;31.07.2023;Stigma and barriers to access to psychological help;ukrainian;Valeriia Yakubenko, Mykola Hlova;Rural;Female;30;Conflict affected;YES;
CHJ - Chernihiv;ECHO 2023;UKR-000322;10;Protection;Chernihivska;Chernihivskyi;Tupychivska;Vykhvosiv;31.07.2023;Stigma and barriers to access to psychological help;ukrainian;Valeriia Yakubenko, Mykola Hlova;Rural;Female;65;Conflict affected;YES;
CHJ - Chernihiv;ECHO 2023;UKR-000322;10;Protection;Chernihivska;Chernihivskyi;Tupychivska;Vykhvosiv;31.07.2023;Stigma and barriers to access to psychological help;ukrainian;Valeriia Yakubenko, Mykola Hlova;Rural;Male;25;IDP;YES;
CHJ - Chernihiv;ECHO 2023;UKR-000322;10;Protection;Chernihivska;Chernihivskyi;Tupychivska;Vykhvosiv;31.07.2023;Stigma and barriers to access to psychological help;ukrainian;Valeriia Yakubenko, Mykola Hlova;Rural;Female;33;Conflict affected;YES;
CHJ - Chernihiv;ECHO 2023;UKR-000322;10;Protection;Chernihivska;Chernihivskyi;Tupychivska;Vykhvosiv;31.07.2023;Stigma and barriers to access to psychological help;ukrainian;Valeriia Yakubenko, Mykola Hlova;Rural;Female;55;Conflict affected;YES;
CHJ - Chernihiv;ECHO 2023;UKR-000322;10;Protection;Chernihivska;Chernihivskyi;Tupychivska;Vykhvosiv;31.07.2023;Stigma and barriers to access to psychological help;ukrainian;Valeriia Yakubenko, Mykola Hlova;Rural;Male;66;Conflict affected;YES;
CHJ - Chernihiv;ECHO 2023;UKR-000322;10;Protection;Chernihivska;Chernihivskyi;Tupychivska;Vykhvosiv;31.07.2023;Stigma and barriers to access to psychological help;ukrainian;Valeriia Yakubenko, Mykola Hlova;Rural;Male;40;Conflict affected;YES;
CHJ - Chernihiv;ECHO 2023;UKR-000322;11;Protection;Chernihivska;Chernihivskyi;Horodnianska;Horodnia;03.08.2023;Sex & Gender;ukrainian;Iryna Nesterenko, Olga Kaminska;Urban;Female;78;Conflict affected;YES;
CHJ - Chernihiv;ECHO 2023;UKR-000322;11;Protection;Chernihivska;Chernihivskyi;Horodnianska;Horodnia;03.08.2023;Sex & Gender;ukrainian;Iryna Nesterenko, Olga Kaminska;Urban;Female;73;Conflict affected;YES;
CHJ - Chernihiv;ECHO 2023;UKR-000322;11;Protection;Chernihivska;Chernihivskyi;Horodnianska;Horodnia;03.08.2023;Sex & Gender;ukrainian;Iryna Nesterenko, Olga Kaminska;Urban;Female;69;IDP;YES;
CHJ - Chernihiv;ECHO 2023;UKR-000322;11;Protection;Chernihivska;Chernihivskyi;Horodnianska;Horodnia;03.08.2023;Sex & Gender;ukrainian;Iryna Nesterenko, Olga Kaminska;Urban;Female;77;Conflict affected;YES;
CHJ - Chernihiv;ECHO 2023;UKR-000322;11;Protection;Chernihivska;Chernihivskyi;Horodnianska;Horodnia;03.08.2023;Sex & Gender;ukrainian;Iryna Nesterenko, Olga Kaminska;Urban;Female;66;Conflict affected;YES;
CHJ - Chernihiv;ECHO 2023;UKR-000322;11;Protection;Chernihivska;Chernihivskyi;Horodnianska;Horodnia;03.08.2023;Sex & Gender;ukrainian;Iryna Nesterenko, Olga Kaminska;Urban;Female;68;Conflict affected;YES;
CHJ - Chernihiv;ECHO 2023;UKR-000322;11;Protection;Chernihivska;Chernihivskyi;Horodnianska;Horodnia;03.08.2023;Sex & Gender;ukrainian;Iryna Nesterenko, Olga Kaminska;Urban;Female;65;Conflict affected;YES;
CHJ - Chernihiv;ECHO 2023;UKR-000322;11;Protection;Chernihivska;Chernihivskyi;Horodnianska;Horodnia;03.08.2023;Sex & Gender;ukrainian;Iryna Nesterenko, Olga Kaminska;Urban;Female;70;Conflict affected;YES;
CHJ - Chernihiv;ECHO 2023;UKR-000322;11;Protection;Chernihivska;Chernihivskyi;Horodnianska;Horodnia;03.08.2023;Sex & Gender;ukrainian;Iryna Nesterenko, Olga Kaminska;Urban;Female;70;Conflict affected;YES;
CHJ - Chernihiv;ECHO 2023;UKR-000322;11;Protection;Chernihivska;Chernihivskyi;Horodnianska;Horodnia;03.08.2023;Sex & Gender;ukrainian;Iryna Nesterenko, Olga Kaminska;Urban;Female;63;Conflict affected;YES;
CHJ - Chernihiv;ECHO 2023;UKR-000322;11;Protection;Chernihivska;Chernihivskyi;Horodnianska;Horodnia;03.08.2023;Sex & Gender;ukrainian;Iryna Nesterenko, Olga Kaminska;Urban;Female;60;Conflict affected;YES;
CHJ - Chernihiv;ECHO 2023;UKR-000322;11;Protection;Chernihivska;Chernihivskyi;Horodnianska;Horodnia;03.08.2023;Sex & Gender;ukrainian;Iryna Nesterenko, Olga Kaminska;Urban;Female;65;Conflict affected;YES;
CHJ - Chernihiv;ECHO 2023;UKR-000322;11;Protection;Chernihivska;Chernihivskyi;Horodnianska;Horodnia;03.08.2023;Sex & Gender;ukrainian;Iryna Nesterenko, Olga Kaminska;Urban;Female;45;Conflict affected;YES;
CHJ - Chernihiv;ECHO 2023;UKR-000322;11;Protection;Chernihivska;Chernihivskyi;Horodnianska;Horodnia;03.08.2023;Sex & Gender;ukrainian;Iryna Nesterenko, Olga Kaminska;Urban;Female;68;Conflict affected;YES;
CHJ - Chernihiv;ECHO 2023;UKR-000322;12;Protection;Chernihivska;Chernihivskyi;Kiptivska;Nadynivka;09.08.2023;Stigma and barriers to access to psychological help;ukrainian;Mykola Hlova, Olga Kaminska;Rural;Female;54;Host community;YES;
CHJ - Chernihiv;ECHO 2023;UKR-000322;12;Protection;Chernihivska;Chernihivskyi;Kiptivska;Nadynivka;09.08.2023;Stigma and barriers to access to psychological help;ukrainian;Mykola Hlova, Olga Kaminska;Rural;Female;70;Host community;YES;
CHJ - Chernihiv;ECHO 2023;UKR-000322;12;Protection;Chernihivska;Chernihivskyi;Kiptivska;Nadynivka;09.08.2023;Stigma and barriers to access to psychological help;ukrainian;Mykola Hlova, Olga Kaminska;Rural;Female;73;Host community;YES;
CHJ - Chernihiv;ECHO 2023;UKR-000322;12;Protection;Chernihivska;Chernihivskyi;Kiptivska;Nadynivka;09.08.2023;Stigma and barriers to access to psychological help;ukrainian;Mykola Hlova, Olga Kaminska;Rural;Female;60;Host community;YES;
CHJ - Chernihiv;ECHO 2023;UKR-000322;12;Protection;Chernihivska;Chernihivskyi;Kiptivska;Nadynivka;09.08.2023;Stigma and barriers to access to psychological help;ukrainian;Mykola Hlova, Olga Kaminska;Rural;Female;57;Host community;YES;
CHJ - Chernihiv;UHF-VI;UKR-000336;13;Protection;Chernihivska;Koriukivska;Snovska;Petrivka;07.09.2023;general services;ukrainian;Valeriia Yakubenko;Rural;Female;74;Conflict affected;YES;
CHJ - Chernihiv;UHF-VI;UKR-000336;13;Protection;Chernihivska;Koriukivska;Snovska;Petrivka;07.09.2023;general services;ukrainian;Valeriia Yakubenko;Rural;Female;83;Conflict affected;YES;
CHJ - Chernihiv;UHF-VI;UKR-000336;13;Protection;Chernihivska;Koriukivska;Snovska;Petrivka;07.09.2023;general services;ukrainian;Valeriia Yakubenko;Rural;Female;62;Host community;YES;
CHJ - Chernihiv;UHF-VI;UKR-000336;13;Protection;Chernihivska;Koriukivska;Snovska;Petrivka;07.09.2023;general services;ukrainian;Valeriia Yakubenko;Rural;Male;39;Conflict affected;YES;
CHJ - Chernihiv;UHF-VI;UKR-000336;13;Protection;Chernihivska;Koriukivska;Snovska;Petrivka;07.09.2023;general services;ukrainian;Valeriia Yakubenko;Rural;Female;66;Conflict affected;YES;
CHJ - Chernihiv;UHF-VI;UKR-000336;13;Protection;Chernihivska;Koriukivska;Snovska;Petrivka;07.09.2023;general services;ukrainian;Valeriia Yakubenko;Rural;Female;38;Conflict affected;YES;
CHJ - Chernihiv;UHF-VI;UKR-000336;13;Protection;Chernihivska;Koriukivska;Snovska;Petrivka;07.09.2023;general services;ukrainian;Valeriia Yakubenko;Rural;Female;48;Conflict affected;YES;
CHJ - Chernihiv;UHF-VI;UKR-000336;13;Protection;Chernihivska;Koriukivska;Snovska;Petrivka;07.09.2023;general services;ukrainian;Valeriia Yakubenko;Rural;Female;55;Conflict affected;YES;
CHJ - Chernihiv;UHF-VI;UKR-000336;13;Protection;Chernihivska;Koriukivska;Snovska;Petrivka;07.09.2023;general services;ukrainian;Valeriia Yakubenko;Rural;Female;55;Conflict affected;YES;
CHJ - Chernihiv;UHF-VI;UKR-000336;13;Protection;Chernihivska;Koriukivska;Snovska;Petrivka;07.09.2023;general services;ukrainian;Valeriia Yakubenko;Rural;Female;52;Conflict affected;YES;
CHJ - Chernihiv;UHF-VI;UKR-000336;13;Protection;Chernihivska;Koriukivska;Snovska;Petrivka;07.09.2023;general services;ukrainian;Valeriia Yakubenko;Rural;Female;50;Conflict affected;YES;
CHJ - Chernihiv;UHF-VI;UKR-000336;13;Protection;Chernihivska;Koriukivska;Snovska;Petrivka;07.09.2023;general services;ukrainian;Valeriia Yakubenko;Rural;Female;54;Conflict affected;YES;
CHJ - Chernihiv;UHF-VI;UKR-000336;13;Protection;Chernihivska;Koriukivska;Snovska;Petrivka;07.09.2023;general services;ukrainian;Valeriia Yakubenko;Rural;Female;40;Conflict affected;YES;
CHJ - Chernihiv;UHF-VI;UKR-000336;13;Protection;Chernihivska;Koriukivska;Snovska;Petrivka;07.09.2023;general services;ukrainian;Valeriia Yakubenko;Rural;Male;69;Conflict affected;YES;
CHJ - Chernihiv;UHF-VI;UKR-000336;13;Protection;Chernihivska;Koriukivska;Snovska;Petrivka;07.09.2023;general services;ukrainian;Valeriia Yakubenko;Rural;Female;56;Conflict affected;YES;
CHJ - Chernihiv;UHF-VI;UKR-000336;13;Protection;Chernihivska;Koriukivska;Snovska;Petrivka;07.09.2023;general services;ukrainian;Valeriia Yakubenko;Rural;Male;59;Conflict affected;YES;
CHJ - Chernihiv;UHF-VI;UKR-000336;13;Protection;Chernihivska;Koriukivska;Snovska;Petrivka;07.09.2023;general services;ukrainian;Valeriia Yakubenko;Rural;Female;53;Conflict affected;YES;
CHJ - Chernihiv;UHF-VI;UKR-000336;14;Protection;Chernihivska;Koriukivska;Menska;Mena;13.09.2023;general services;ukrainian;Valeriia Yakubenko;Urban;Female;39;Conflict affected;YES;
CHJ - Chernihiv;UHF-VI;UKR-000336;14;Protection;Chernihivska;Koriukivska;Menska;Mena;13.09.2023;general services;ukrainian;Valeriia Yakubenko;Urban;Female;22;Conflict affected;YES;
CHJ - Chernihiv;UHF-VI;UKR-000336;14;Protection;Chernihivska;Koriukivska;Menska;Mena;13.09.2023;general services;ukrainian;Valeriia Yakubenko;Urban;Female;32;Conflict affected;YES;
CHJ - Chernihiv;UHF-VI;UKR-000336;14;Protection;Chernihivska;Koriukivska;Menska;Mena;13.09.2023;general services;ukrainian;Valeriia Yakubenko;Urban;Female;62;IDP;YES;
CHJ - Chernihiv;UHF-VI;UKR-000336;14;Protection;Chernihivska;Koriukivska;Menska;Mena;13.09.2023;general services;ukrainian;Valeriia Yakubenko;Urban;Female;27;IDP;YES;
CHJ - Chernihiv;UHF-VI;UKR-000336;14;Protection;Chernihivska;Koriukivska;Menska;Mena;13.09.2023;general services;ukrainian;Valeriia Yakubenko;Urban;Female;22;Conflict affected;YES;
CHJ - Chernihiv;UHF-VI;UKR-000336;15;Protection;Chernihivska;Chernihivskyi;Novobilouska;Kuvechychi;20.09.2023;general services;ukrainian;Yurii Stankevych,Iryna Nesterenko;Rural;Female;61;Conflict affected;YES;
CHJ - Chernihiv;UHF-VI;UKR-000336;15;Protection;Chernihivska;Chernihivskyi;Novobilouska;Kuvechychi;20.09.2023;general services;ukrainian;Yurii Stankevych,Iryna Nesterenko;Rural;Female;46;Conflict affected;YES;
CHJ - Chernihiv;UHF-VI;UKR-000336;15;Protection;Chernihivska;Chernihivskyi;Novobilouska;Kuvechychi;20.09.2023;general services;ukrainian;Yurii Stankevych,Iryna Nesterenko;Rural;Female;53;Conflict affected;YES;
CHJ - Chernihiv;UHF-VI;UKR-000336;15;Protection;Chernihivska;Chernihivskyi;Novobilouska;Kuvechychi;20.09.2023;general services;ukrainian;Yurii Stankevych,Iryna Nesterenko;Rural;Female;63;Conflict affected;YES;
CHJ - Chernihiv;UHF-VI;UKR-000336;15;Protection;Chernihivska;Chernihivskyi;Novobilouska;Kuvechychi;20.09.2023;general services;ukrainian;Yurii Stankevych,Iryna Nesterenko;Rural;Female;54;Conflict affected;YES;
CHJ - Chernihiv;UHF-VI;UKR-000336;15;Protection;Chernihivska;Chernihivskyi;Novobilouska;Kuvechychi;20.09.2023;general services;ukrainian;Yurii Stankevych,Iryna Nesterenko;Rural;Female;62;Conflict affected;YES;
CHJ - Chernihiv;UHF-VI;UKR-000336;15;Protection;Chernihivska;Chernihivskyi;Novobilouska;Kuvechychi;20.09.2023;general services;ukrainian;Yurii Stankevych,Iryna Nesterenko;Rural;Female;36;Conflict affected;YES;
CHJ - Chernihiv;UHF-VI;UKR-000336;15;Protection;Chernihivska;Chernihivskyi;Novobilouska;Kuvechychi;20.09.2023;general services;ukrainian;Yurii Stankevych,Iryna Nesterenko;Rural;Female;34;Conflict affected;YES;
CHJ - Chernihiv;UHF-VI;UKR-000336;15;Protection;Chernihivska;Chernihivskyi;Novobilouska;Kuvechychi;20.09.2023;general services;ukrainian;Yurii Stankevych,Iryna Nesterenko;Rural;Female;30;Conflict affected;YES;
CHJ - Chernihiv;UHF-VI;UKR-000336;16;Protection;Chernihivska;Chernihivskyi;Novobilouska;Roishche;02.10.2023;general services;ukrainian;Yurii Stankevych, Yuliia Pastushenko;Rural;Female;55;Host community;YES;
CHJ - Chernihiv;UHF-VI;UKR-000336;16;Protection;Chernihivska;Chernihivskyi;Novobilouska;Roishche;02.10.2023;general services;ukrainian;Yurii Stankevych, Yuliia Pastushenko;Rural;Female;63;Conflict affected;YES;
CHJ - Chernihiv;UHF-VI;UKR-000336;16;Protection;Chernihivska;Chernihivskyi;Novobilouska;Roishche;02.10.2023;general services;ukrainian;Yurii Stankevych, Yuliia Pastushenko;Rural;Female;48;Conflict affected;YES;
CHJ - Chernihiv;UHF-VI;UKR-000336;16;Protection;Chernihivska;Chernihivskyi;Novobilouska;Roishche;02.10.2023;general services;ukrainian;Yurii Stankevych, Yuliia Pastushenko;Rural;Female;76;Conflict affected;YES;
CHJ - Chernihiv;UHF-VI;UKR-000336;16;Protection;Chernihivska;Chernihivskyi;Novobilouska;Roishche;02.10.2023;general services;ukrainian;Yurii Stankevych, Yuliia Pastushenko;Rural;Female;40;Conflict affected;YES;
CHJ - Chernihiv;UHF-VI;UKR-000336;16;Protection;Chernihivska;Chernihivskyi;Novobilouska;Roishche;02.10.2023;general services;ukrainian;Yurii Stankevych, Yuliia Pastushenko;Rural;Female;51;Conflict affected;YES;
CHJ - Chernihiv;UHF-VI;UKR-000336;17;Protection;Chernihivska;Chernihivskyi;Sednivska;Sedniv;12.10.2023;general services;ukrainian;Valeriia Yakubenko, Yuliia Pastushenko;Rural;Female;55;Conflict affected;YES;
CHJ - Chernihiv;UHF-VI;UKR-000336;17;Protection;Chernihivska;Chernihivskyi;Sednivska;Sedniv;12.10.2023;general services;ukrainian;Valeriia Yakubenko, Yuliia Pastushenko;Rural;Female;61;Conflict affected;YES;
CHJ - Chernihiv;UHF-VI;UKR-000336;17;Protection;Chernihivska;Chernihivskyi;Sednivska;Sedniv;12.10.2023;general services;ukrainian;Valeriia Yakubenko, Yuliia Pastushenko;Rural;Female;59;Conflict affected;YES;
CHJ - Chernihiv;UHF-VI;UKR-000336;17;Protection;Chernihivska;Chernihivskyi;Sednivska;Sedniv;12.10.2023;general services;ukrainian;Valeriia Yakubenko, Yuliia Pastushenko;Rural;Female;58;Conflict affected;YES;
CHJ - Chernihiv;UHF-VI;UKR-000336;17;Protection;Chernihivska;Chernihivskyi;Sednivska;Sedniv;12.10.2023;general services;ukrainian;Valeriia Yakubenko, Yuliia Pastushenko;Rural;Female;58;Conflict affected;YES;
CHJ - Chernihiv;UHF-VI;UKR-000336;17;Protection;Chernihivska;Chernihivskyi;Sednivska;Sedniv;12.10.2023;general services;ukrainian;Valeriia Yakubenko, Yuliia Pastushenko;Rural;Female;51;Conflict affected;YES;
CHJ - Chernihiv;UHF-VI;UKR-000336;17;Protection;Chernihivska;Chernihivskyi;Sednivska;Sedniv;12.10.2023;general services;ukrainian;Valeriia Yakubenko, Yuliia Pastushenko;Rural;Female;78;Conflict affected;YES;
CHJ - Chernihiv;UHF-VI;UKR-000336;17;Protection;Chernihivska;Chernihivskyi;Sednivska;Sedniv;12.10.2023;general services;ukrainian;Valeriia Yakubenko, Yuliia Pastushenko;Rural;Female;44;Conflict affected;YES;
CHJ - Chernihiv;UHF-VI;UKR-000336;17;Protection;Chernihivska;Chernihivskyi;Sednivska;Sedniv;12.10.2023;general services;ukrainian;Valeriia Yakubenko, Yuliia Pastushenko;Rural;Female;65;Conflict affected;YES;
CHJ - Chernihiv;ECHO;UKR-000322;18;Protection;Chernihivska;Chernihivskyi;Kyselivka;Novoselivka;18;general services;ukrainian;Valeriia Yakubenko,Tetiana Kolot;Rural;Female;39;IDP;YES;
CHJ - Chernihiv;ECHO;UKR-000322;18;Protection;Chernihivska;Chernihivskyi;Kyselivka;Novoselivka;18;general services;ukrainian;Valeriia Yakubenko,Tetiana Kolot;Rural;Female;71;IDP;YES;
CHJ - Chernihiv;ECHO;UKR-000322;18;Protection;Chernihivska;Chernihivskyi;Kyselivka;Novoselivka;18;general services;ukrainian;Valeriia Yakubenko,Tetiana Kolot;Rural;Female;62;IDP;YES;
CHJ - Chernihiv;ECHO;UKR-000322;18;Protection;Chernihivska;Chernihivskyi;Kyselivka;Novoselivka;18;general services;ukrainian;Valeriia Yakubenko,Tetiana Kolot;Rural;Female;70;IDP;YES;
CHJ - Chernihiv;ECHO;UKR-000322;18;Protection;Chernihivska;Chernihivskyi;Kyselivka;Novoselivka;18;general services;ukrainian;Valeriia Yakubenko,Tetiana Kolot;Rural;Female;54;IDP;YES;
CHJ - Chernihiv;ECHO;UKR-000322;18;Protection;Chernihivska;Chernihivskyi;Kyselivka;Novoselivka;18;general services;ukrainian;Valeriia Yakubenko,Tetiana Kolot;Rural;Female;48;IDP;YES;
CHJ - Chernihiv;ECHO;UKR-000322;18;Protection;Chernihivska;Chernihivskyi;Kyselivka;Novoselivka;18;general services;ukrainian;Valeriia Yakubenko,Tetiana Kolot;Rural;Female;67;IDP;YES;
CHJ - Chernihiv;ECHO;UKR-000322;18;Protection;Chernihivska;Chernihivskyi;Kyselivka;Novoselivka;18;general services;ukrainian;Valeriia Yakubenko,Tetiana Kolot;Rural;Female;76;IDP;YES;
CHJ - Chernihiv;ECHO;UKR-000322;18;Protection;Chernihivska;Chernihivskyi;Kyselivka;Novoselivka;18;general services;ukrainian;Valeriia Yakubenko,Tetiana Kolot;Rural;Female;72;IDP;YES;
CHJ - Chernihiv;ECHO;UKR-000322;18;Protection;Chernihivska;Chernihivskyi;Kyselivka;Novoselivka;18;general services;ukrainian;Valeriia Yakubenko,Tetiana Kolot;Rural;Female;38;IDP;YES;
CHJ - Chernihiv;ECHO;UKR-000322;18;Protection;Chernihivska;Chernihivskyi;Kyselivka;Novoselivka;18;general services;ukrainian;Valeriia Yakubenko,Tetiana Kolot;Rural;Female;55;IDP;YES;
CHJ - Chernihiv;ECHO;UKR-000322;18;Protection;Chernihivska;Chernihivskyi;Kyselivka;Novoselivka;18;general services;ukrainian;Valeriia Yakubenko,Tetiana Kolot;Rural;Female;70;IDP;YES;
CHJ - Chernihiv;ECHO;UKR-000322;18;Protection;Chernihivska;Chernihivskyi;Kyselivka;Novoselivka;18;general services;ukrainian;Valeriia Yakubenko,Tetiana Kolot;Rural;Female;62;IDP;YES;
CHJ - Chernihiv;ECHO;UKR-000322;18;Protection;Chernihivska;Chernihivskyi;Kyselivka;Novoselivka;18;general services;ukrainian;Valeriia Yakubenko,Tetiana Kolot;Rural;Female;63;IDP;YES;
CHJ - Chernihiv;ECHO;UKR-000322;18;Protection;Chernihivska;Chernihivskyi;Kyselivka;Novoselivka;18;general services;ukrainian;Valeriia Yakubenko,Tetiana Kolot;Rural;Female;66;IDP;YES;
CHJ - Chernihiv;ECHO;UKR-000322;18;Protection;Chernihivska;Chernihivskyi;Kyselivka;Novoselivka;18;general services;ukrainian;Valeriia Yakubenko,Tetiana Kolot;Rural;Female;69;IDP;YES;
CHJ - Chernihiv;ECHO;UKR-000322;19;Protection;Chernihivska;Chernihivskyi;Chernihivska;Chernihiv;23.10.2023;general services;ukrainian;Valeriia Yakubenko, Yuliia Pastushenko;Urban;Female;69;IDP;YES;
CHJ - Chernihiv;ECHO;UKR-000322;19;Protection;Chernihivska;Chernihivskyi;Chernihivska;Chernihiv;23.10.2023;general services;ukrainian;Valeriia Yakubenko, Yuliia Pastushenko;Urban;Female;59;IDP;YES;
CHJ - Chernihiv;ECHO;UKR-000322;19;Protection;Chernihivska;Chernihivskyi;Chernihivska;Chernihiv;23.10.2023;general services;ukrainian;Valeriia Yakubenko, Yuliia Pastushenko;Urban;Female;65;IDP;YES;
CHJ - Chernihiv;ECHO;UKR-000322;19;Protection;Chernihivska;Chernihivskyi;Chernihivska;Chernihiv;23.10.2023;general services;ukrainian;Valeriia Yakubenko, Yuliia Pastushenko;Urban;Male;58;IDP;YES;
CHJ - Chernihiv;ECHO;UKR-000322;19;Protection;Chernihivska;Chernihivskyi;Chernihivska;Chernihiv;23.10.2023;general services;ukrainian;Valeriia Yakubenko, Yuliia Pastushenko;Urban;Female;78;IDP;YES;
CHJ - Chernihiv;ECHO;UKR-000322;19;Protection;Chernihivska;Chernihivskyi;Chernihivska;Chernihiv;23.10.2023;general services;ukrainian;Valeriia Yakubenko, Yuliia Pastushenko;Urban;Female;41;IDP;YES;
CHJ - Chernihiv;ECHO;UKR-000322;19;Protection;Chernihivska;Chernihivskyi;Chernihivska;Chernihiv;23.10.2023;general services;ukrainian;Valeriia Yakubenko, Yuliia Pastushenko;Urban;Female;72;IDP;YES;
CHJ - Chernihiv;ECHO;UKR-000322;19;Protection;Chernihivska;Chernihivskyi;Chernihivska;Chernihiv;23;general services;ukrainian;Valeriia Yakubenko, Yuliia Pastushenko;Urban;Female;64;IDP;YES;
CHJ - Chernihiv;ECHO;UKR-000322;19;Protection;Chernihivska;Chernihivskyi;Chernihivska;Chernihiv;23;general services;ukrainian;Valeriia Yakubenko, Yuliia Pastushenko;Urban;Female;45;IDP;YES;
CHJ - Chernihiv;ECHO;UKR-000322;19;Protection;Chernihivska;Chernihivskyi;Chernihivska;Chernihiv;23;general services;ukrainian;Valeriia Yakubenko, Yuliia Pastushenko;Urban;Female;73;IDP;YES;
CHJ - Chernihiv;ECHO;UKR-000322;19;Protection;Chernihivska;Chernihivskyi;Chernihivska;Chernihiv;23;general services;ukrainian;Valeriia Yakubenko, Yuliia Pastushenko;Urban;Female;66;IDP;YES;
CHJ - Chernihiv;ECHO;UKR-000322;20;Protection;Chernihivska;Chernihivskyi;Novobilouska;Rivnopillia;03.11.2023;general services;ukrainian;Yuliia Pastushenko Yurii Stankevych;Rural;Female;75;IDP;YES;
CHJ - Chernihiv;ECHO;UKR-000322;20;Protection;Chernihivska;Chernihivskyi;Novobilouska;Rivnopillia;03.11.2023;general services;ukrainian;Yuliia Pastushenko Yurii Stankevych;Rural;Female;74;IDP;YES;
CHJ - Chernihiv;ECHO;UKR-000322;20;Protection;Chernihivska;Chernihivskyi;Novobilouska;Rivnopillia;03.11.2023;general services;ukrainian;Yuliia Pastushenko Yurii Stankevych;Rural;Female;73;IDP;YES;
CHJ - Chernihiv;ECHO;UKR-000322;20;Protection;Chernihivska;Chernihivskyi;Novobilouska;Rivnopillia;03.11.2023;general services;ukrainian;Yuliia Pastushenko Yurii Stankevych;Rural;Female;68;IDP;YES;
CHJ - Chernihiv;ECHO;UKR-000322;20;Protection;Chernihivska;Chernihivskyi;Novobilouska;Rivnopillia;03.11.2023;general services;ukrainian;Yuliia Pastushenko Yurii Stankevych;Rural;Female;67;IDP;YES;
CHJ - Chernihiv;ECHO;UKR-000322;20;Protection;Chernihivska;Chernihivskyi;Novobilouska;Rivnopillia;03.11.2023;general services;ukrainian;Yuliia Pastushenko Yurii Stankevych;Rural;Female;68;IDP;YES;
CHJ - Chernihiv;ECHO;UKR-000322;21;Protection;Chernihivska;Chernihivskyi;Novobilouska;Kulykivka;16.11.2023;general services;ukrainian;Valeriia Yakubenko,Tetiana Kolot;Rural;Male;66;Conflict affected;YES;
CHJ - Chernihiv;ECHO;UKR-000322;21;Protection;Chernihivska;Chernihivskyi;Novobilouska;Kulykivka;16.11.2023;general services;ukrainian;Valeriia Yakubenko,Tetiana Kolot;Rural;Female;60;Host community;YES;
CHJ - Chernihiv;ECHO;UKR-000322;21;Protection;Chernihivska;Chernihivskyi;Novobilouska;Kulykivka;16.11.2023;general services;ukrainian;Valeriia Yakubenko,Tetiana Kolot;Rural;Male;63;Host community;YES;
CHJ - Chernihiv;ECHO;UKR-000322;21;Protection;Chernihivska;Chernihivskyi;Novobilouska;Kulykivka;16.11.2023;general services;ukrainian;Valeriia Yakubenko,Tetiana Kolot;Rural;Female;60;Host community;YES;
CHJ - Chernihiv;ECHO;UKR-000322;21;Protection;Chernihivska;Chernihivskyi;Novobilouska;Kulykivka;16.11.2023;general services;ukrainian;Valeriia Yakubenko,Tetiana Kolot;Rural;Female;48;Host community;YES;
CHJ - Chernihiv;ECHO;UKR-000322;22;Protection;Chernihivska;Chernihivskyi;Novobilouska;Khaliavyn;05.12.2023;general services;ukrainian;Valeriia Yakubenko, Yuliia Pastushenko;Rural;Female;19;Conflict affected;YES;
CHJ - Chernihiv;ECHO;UKR-000322;22;Protection;Chernihivska;Chernihivskyi;Novobilouska;Khaliavyn;05.12.2023;general services;ukrainian;Valeriia Yakubenko, Yuliia Pastushenko;Rural;Female;58;Conflict affected;YES;
CHJ - Chernihiv;ECHO;UKR-000322;22;Protection;Chernihivska;Chernihivskyi;Novobilouska;Khaliavyn;05.12.2023;general services;ukrainian;Valeriia Yakubenko, Yuliia Pastushenko;Rural;Female;54;Conflict affected;YES;
CHJ - Chernihiv;ECHO;UKR-000322;22;Protection;Chernihivska;Chernihivskyi;Novobilouska;Khaliavyn;05.12.2023;general services;ukrainian;Valeriia Yakubenko, Yuliia Pastushenko;Rural;Male;71;Conflict affected;YES;
CHJ - Chernihiv;ECHO;UKR-000322;22;Protection;Chernihivska;Chernihivskyi;Novobilouska;Khaliavyn;05.12.2023;general services;ukrainian;Valeriia Yakubenko, Yuliia Pastushenko;Rural;Female;79;Conflict affected;YES;
CHJ - Chernihiv;ECHO;UKR-000322;22;Protection;Chernihivska;Chernihivskyi;Novobilouska;Khaliavyn;05.12.2023;general services;ukrainian;Valeriia Yakubenko, Yuliia Pastushenko;Rural;Female;82;Conflict affected;YES;
CHJ - Chernihiv;ECHO;UKR-000322;22;Protection;Chernihivska;Chernihivskyi;Novobilouska;Khaliavyn;05.12.2023;general services;ukrainian;Valeriia Yakubenko, Yuliia Pastushenko;Rural;Female;88;Conflict affected;YES;
CHJ - Chernihiv;ECHO;UKR-000322;22;Protection;Chernihivska;Chernihivskyi;Novobilouska;Khaliavyn;05.12.2023;general services;ukrainian;Valeriia Yakubenko, Yuliia Pastushenko;Rural;Male;44;Conflict affected;YES;
CHJ - Chernihiv;ECHO;UKR-000322;22;Protection;Chernihivska;Chernihivskyi;Novobilouska;Khaliavyn;05.12.2023;general services;ukrainian;Valeriia Yakubenko, Yuliia Pastushenko;Rural;Female;59;Conflict affected;YES;
CHJ - Chernihiv;ECHO;UKR-000322;22;Protection;Chernihivska;Chernihivskyi;Novobilouska;Khaliavyn;05.12.2023;general services;ukrainian;Valeriia Yakubenko, Yuliia Pastushenko;Rural;Female;36;Host community;YES;
CHJ - Chernihiv;ECHO;UKR-000322;22;Protection;Chernihivska;Chernihivskyi;Novobilouska;Khaliavyn;05.12.2023;general services;ukrainian;Valeriia Yakubenko, Yuliia Pastushenko;Rural;Female;35;IDP;YES;
CHJ - Chernihiv;ECHO;UKR-000322;22;Protection;Chernihivska;Chernihivskyi;Novobilouska;Khaliavyn;05.12.2023;general services;ukrainian;Valeriia Yakubenko, Yuliia Pastushenko;Rural;Female;36;IDP;YES;
CHJ - Chernihiv;ECHO;UKR-000322;23;Protection;Chernihivska;Chernihivskyi;Ponornytska;Ponornytsia;06.12.2023;general services;ukrainian;Valeriia Yakubenko, Yuliia Pastushenko;Rural;Female;41;IDP;YES;
CHJ - Chernihiv;ECHO;UKR-000322;23;Protection;Chernihivska;Chernihivskyi;Ponornytska;Ponornytsia;06.12.2023;general services;ukrainian;Valeriia Yakubenko, Yuliia Pastushenko;Rural;Female;34;IDP;YES;
CHJ - Chernihiv;ECHO;UKR-000322;23;Protection;Chernihivska;Chernihivskyi;Ponornytska;Ponornytsia;06.12.2023;general services;ukrainian;Valeriia Yakubenko, Yuliia Pastushenko;Rural;Female;68;IDP;YES;
CHJ - Chernihiv;ECHO;UKR-000322;23;Protection;Chernihivska;Chernihivskyi;Ponornytska;Ponornytsia;06.12.2023;general services;ukrainian;Valeriia Yakubenko, Yuliia Pastushenko;Rural;Female;27;IDP;YES;
CHJ - Chernihiv;ECHO;UKR-000322;23;Protection;Chernihivska;Chernihivskyi;Ponornytska;Ponornytsia;06.12.2023;general services;ukrainian;Valeriia Yakubenko, Yuliia Pastushenko;Rural;Female;53;IDP;YES;
CHJ - Chernihiv;ECHO;UKR-000322;23;Protection;Chernihivska;Chernihivskyi;Ponornytska;Ponornytsia;06.12.2023;general services;ukrainian;Valeriia Yakubenko, Yuliia Pastushenko;Rural;Female;59;IDP;YES;
CHJ - Chernihiv;ECHO;UKR-000322;23;Protection;Chernihivska;Chernihivskyi;Ponornytska;Ponornytsia;06.12.2023;general services;ukrainian;Valeriia Yakubenko, Yuliia Pastushenko;Rural;Female;53;IDP;YES;
CHJ - Chernihiv;ECHO;UKR-000322;23;Protection;Chernihivska;Chernihivskyi;Ponornytska;Ponornytsia;06.12.2023;general services;ukrainian;Valeriia Yakubenko, Yuliia Pastushenko;Rural;Female;49;IDP;YES;
CHJ - Chernihiv;ECHO;UKR-000322;23;Protection;Chernihivska;Chernihivskyi;Ponornytska;Ponornytsia;06.12.2023;general services;ukrainian;Valeriia Yakubenko, Yuliia Pastushenko;Rural;Female;29;IDP;YES;
CHJ - Chernihiv;ECHO;UKR-000322;23;Protection;Chernihivska;Chernihivskyi;Ponornytska;Ponornytsia;06.12.2023;general services;ukrainian;Valeriia Yakubenko, Yuliia Pastushenko;Rural;Female;52;IDP;YES;
CHJ - Chernihiv;ECHO;UKR-000322;23;Protection;Chernihivska;Chernihivskyi;Ponornytska;Ponornytsia;06.12.2023;general services;ukrainian;Valeriia Yakubenko, Yuliia Pastushenko;Rural;Male;48;IDP;YES;
CHJ - Chernihiv;ECHO;UKR-000322;23;Protection;Chernihivska;Chernihivskyi;Ponornytska;Ponornytsia;06.12.2023;general services;ukrainian;Valeriia Yakubenko, Yuliia Pastushenko;Rural;Female;53;IDP;YES;
CHJ - Chernihiv;ECHO;UKR-000322;23;Protection;Chernihivska;Chernihivskyi;Ponornytska;Ponornytsia;06.12.2023;general services;ukrainian;Valeriia Yakubenko, Yuliia Pastushenko;Rural;Female;36;IDP;YES;
CHJ - Chernihiv;ECHO;UKR-000322;23;Protection;Chernihivska;Chernihivskyi;Ponornytska;Ponornytsia;06.12.2023;general services;ukrainian;Valeriia Yakubenko, Yuliia Pastushenko;Rural;Female;59;IDP;YES;
CHJ - Chernihiv;ECHO;UKR-000322;23;Protection;Chernihivska;Chernihivskyi;Ponornytska;Ponornytsia;06.12.2023;general services;ukrainian;Valeriia Yakubenko, Yuliia Pastushenko;Rural;Female;56;IDP;YES;
CHJ - Chernihiv;ECHO;UKR-000322;23;Protection;Chernihivska;Chernihivskyi;Ponornytska;Ponornytsia;06.12.2023;general services;ukrainian;Valeriia Yakubenko, Yuliia Pastushenko;Rural;Male;48;IDP;YES;
CHJ - Chernihiv;ECHO;UKR-000322;23;Protection;Chernihivska;Chernihivskyi;Ponornytska;Ponornytsia;06.12.2023;general services;ukrainian;Valeriia Yakubenko, Yuliia Pastushenko;Rural;Female;51;IDP;YES;
CHJ - Chernihiv;ECHO;UKR-000322;23;Protection;Chernihivska;Chernihivskyi;Ponornytska;Ponornytsia;06.12.2023;general services;ukrainian;Valeriia Yakubenko, Yuliia Pastushenko;Rural;Female;31;IDP;YES;
CHJ - Chernihiv;ECHO;UKR-000322;23;Protection;Chernihivska;Chernihivskyi;Ponornytska;Ponornytsia;06.12.2023;general services;ukrainian;Valeriia Yakubenko, Yuliia Pastushenko;Rural;Male;57;IDP;YES;
CHJ - Chernihiv;ECHO;UKR-000322;24;Protection;Chernihivska;Chernihivskyi;"	Kulykivska";Baklanova Muraviika;11.12.2023;general services;ukrainian;Valeriia Yakubenko, Yuliia Pastushenko;Rural;Male;42;IDP;YES;
CHJ - Chernihiv;ECHO;UKR-000322;24;Protection;Chernihivska;Chernihivskyi;"	Kulykivska";Baklanova Muraviika;11.12.2023;general services;ukrainian;Valeriia Yakubenko, Yuliia Pastushenko;Rural;Female;64;Host community;YES;
CHJ - Chernihiv;ECHO;UKR-000322;24;Protection;Chernihivska;Chernihivskyi;"	Kulykivska";Baklanova Muraviika;11.12.2023;general services;ukrainian;Valeriia Yakubenko, Yuliia Pastushenko;Rural;Female;61;IDP;YES;
CHJ - Chernihiv;ECHO;UKR-000322;24;Protection;Chernihivska;Chernihivskyi;"	Kulykivska";Baklanova Muraviika;11.12.2023;general services;ukrainian;Valeriia Yakubenko, Yuliia Pastushenko;Rural;Female;58;Conflict affected;YES;
CHJ - Chernihiv;ECHO;UKR-000322;24;Protection;Chernihivska;Chernihivskyi;"	Kulykivska";Baklanova Muraviika;11.12.2023;general services;ukrainian;Valeriia Yakubenko, Yuliia Pastushenko;Rural;Female;65;Conflict affected;YES;
CHJ - Chernihiv;ECHO;UKR-000322;24;Protection;Chernihivska;Chernihivskyi;"	Kulykivska";Baklanova Muraviika;11.12.2023;general services;ukrainian;Valeriia Yakubenko, Yuliia Pastushenko;Rural;Female;56;Conflict affected;YES;
CHJ - Chernihiv;ECHO;UKR-000322;24;Protection;Chernihivska;Chernihivskyi;"	Kulykivska";Baklanova Muraviika;11.12.2023;general services;ukrainian;Valeriia Yakubenko, Yuliia Pastushenko;Rural;Female;47;Conflict affected;YES;
CHJ - Chernihiv;ECHO;UKR-000322;24;Protection;Chernihivska;Chernihivskyi;"	Kulykivska";Baklanova Muraviika;11.12.2023;general services;ukrainian;Valeriia Yakubenko, Yuliia Pastushenko;Rural;Female;57;Conflict affected;YES;
CHJ - Chernihiv;ECHO;UKR-000322;24;Protection;Chernihivska;Chernihivskyi;"	Kulykivska";Baklanova Muraviika;11.12.2023;general services;ukrainian;Valeriia Yakubenko, Yuliia Pastushenko;Rural;Female;58;Conflict affected;YES;
CHJ - Chernihiv;ECHO;UKR-000322;24;Protection;Chernihivska;Chernihivskyi;"	Kulykivska";Baklanova Muraviika;11.12.2023;general services;ukrainian;Valeriia Yakubenko, Yuliia Pastushenko;Rural;Female;64;Conflict affected;YES;
CHJ - Chernihiv;ECHO;UKR-000322;24;Protection;Chernihivska;Chernihivskyi;"	Kulykivska";Baklanova Muraviika;11.12.2023;general services;ukrainian;Valeriia Yakubenko, Yuliia Pastushenko;Rural;Male;41;Conflict affected;YES;
CHJ - Chernihiv;ECHO;UKR-000322;25;Protection;Chernihivska;Koriukivskyi;Snovska;Snovsk;12.12.2023;general services;ukrainian;Valeriia Yakubenko,Yurii Stankevych;Urban;Female;44;IDP;YES;
CHJ - Chernihiv;ECHO;UKR-000322;25;Protection;Chernihivska;Koriukivskyi;Snovska;Snovsk;12.12.2023;general services;ukrainian;Valeriia Yakubenko,Yurii Stankevych;Urban;Female;61;Conflict affected;YES;
CHJ - Chernihiv;ECHO;UKR-000322;25;Protection;Chernihivska;Koriukivskyi;Snovska;Snovsk;12.12.2023;general services;ukrainian;Valeriia Yakubenko,Yurii Stankevych;Urban;Female;71;IDP;YES;
CHJ - Chernihiv;ECHO;UKR-000322;25;Protection;Chernihivska;Koriukivskyi;Snovska;Snovsk;12.12.2023;general services;ukrainian;Valeriia Yakubenko,Yurii Stankevych;Urban;Male;52;IDP;YES;
CHJ - Chernihiv;ECHO;UKR-000322;25;Protection;Chernihivska;Koriukivskyi;Snovska;Snovsk;12.12.2023;general services;ukrainian;Valeriia Yakubenko,Yurii Stankevych;Urban;Female;32;Conflict affected;YES;
CHJ - Chernihiv;ECHO;UKR-000322;25;Protection;Chernihivska;Koriukivskyi;Snovska;Snovsk;12.12.2023;general services;ukrainian;Valeriia Yakubenko,Yurii Stankevych;Urban;Female;33;Conflict affected;YES;
CHJ - Chernihiv;ECHO;UKR-000322;25;Protection;Chernihivska;Koriukivskyi;Snovska;Snovsk;12.12.2023;general services;ukrainian;Valeriia Yakubenko,Yurii Stankevych;Urban;Female;47;Conflict affected;YES;
CHJ - Chernihiv;ECHO;UKR-000322;25;Protection;Chernihivska;Koriukivskyi;Snovska;Snovsk;12.12.2023;general services;ukrainian;Valeriia Yakubenko,Yurii Stankevych;Urban;Male;43;Conflict affected;YES;
CHJ - Chernihiv;ECHO;UKR-000322;25;Protection;Chernihivska;Koriukivskyi;Snovska;Snovsk;12.12.2023;general services;ukrainian;Valeriia Yakubenko,Yurii Stankevych;Urban;Female;49;Conflict affected;YES;
CHJ - Chernihiv;ECHO;UKR-000322;25;Protection;Chernihivska;Koriukivskyi;Snovska;Snovsk;12.12.2023;general services;ukrainian;Valeriia Yakubenko,Yurii Stankevych;Urban;Male;36;IDP;YES;
CHJ - Chernihiv;ECHO;UKR-000322;25;Protection;Chernihivska;Koriukivskyi;Snovska;Snovsk;12.12.2023;general services;ukrainian;Valeriia Yakubenko,Yurii Stankevych;Urban;Female;34;IDP;YES;
CHJ - Chernihiv;ECHO;UKR-000322;25;Protection;Chernihivska;Koriukivskyi;Snovska;Snovsk;12.12.2023;general services;ukrainian;Valeriia Yakubenko,Yurii Stankevych;Urban;Female;52;IDP;YES;
CHJ - Chernihiv;ECHO;UKR-000322;25;Protection;Chernihivska;Koriukivskyi;Snovska;Snovsk;12.12.2023;general services;ukrainian;Valeriia Yakubenko,Yurii Stankevych;Urban;Female;62;IDP;YES;
CHJ - Chernihiv;ECHO;UKR-000322;25;Protection;Chernihivska;Koriukivskyi;Snovska;Snovsk;12.12.2023;general services;ukrainian;Valeriia Yakubenko,Yurii Stankevych;Urban;Female;58;IDP;YES;
CHJ - Chernihiv;ECHO;UKR-000322;25;Protection;Chernihivska;Koriukivskyi;Snovska;Snovsk;12.12.2023;general services;ukrainian;Valeriia Yakubenko,Yurii Stankevych;Urban;Female;37;Conflict affected;YES;
CHJ - Chernihiv;ECHO;UKR-000322;25;Protection;Chernihivska;Koriukivskyi;Snovska;Snovsk;12.12.2023;general services;ukrainian;Valeriia Yakubenko,Yurii Stankevych;Urban;Female;47;IDP;YES;
CHJ - Chernihiv;ECHO;UKR-000322;25;Protection;Chernihivska;Koriukivskyi;Snovska;Snovsk;12.12.2023;general services;ukrainian;Valeriia Yakubenko,Yurii Stankevych;Urban;Female;79;IDP;YES;
CHJ - Chernihiv;ECHO;UKR-000322;26;Protection;Chernihivska;Chernihivskyi;Kyselivska;Voznesenske;13.12.2023;general services;ukrainian;Valeriia Yakubenko, Yuliia Pastushenko;Rural;Female;52;Conflict affected;YES;
CHJ - Chernihiv;ECHO;UKR-000322;26;Protection;Chernihivska;Chernihivskyi;Kyselivska;Voznesenske;13.12.2023;general services;ukrainian;Valeriia Yakubenko, Yuliia Pastushenko;Rural;Female;38;IDP;YES;
CHJ - Chernihiv;ECHO;UKR-000322;26;Protection;Chernihivska;Chernihivskyi;Kyselivska;Voznesenske;13.12.2023;general services;ukrainian;Valeriia Yakubenko, Yuliia Pastushenko;Rural;Female;64;IDP;YES;
CHJ - Chernihiv;ECHO;UKR-000322;26;Protection;Chernihivska;Chernihivskyi;Kyselivska;Voznesenske;13.12.2023;general services;ukrainian;Valeriia Yakubenko, Yuliia Pastushenko;Rural;Female;67;Conflict affected;YES;
CHJ - Chernihiv;ECHO;UKR-000322;26;Protection;Chernihivska;Chernihivskyi;Kyselivska;Voznesenske;13.12.2023;general services;ukrainian;Valeriia Yakubenko, Yuliia Pastushenko;Rural;Female;32;IDP;YES;
CHJ - Chernihiv;ECHO;UKR-000322;26;Protection;Chernihivska;Chernihivskyi;Kyselivska;Voznesenske;13.12.2023;general services;ukrainian;Valeriia Yakubenko, Yuliia Pastushenko;Rural;Female;53;IDP;YES;
CHJ - Chernihiv;ECHO;UKR-000322;26;Protection;Chernihivska;Chernihivskyi;Kyselivska;Voznesenske;13.12.2023;general services;ukrainian;Valeriia Yakubenko, Yuliia Pastushenko;Rural;Female;63;IDP;YES;
CHJ - Chernihiv;ECHO;UKR-000322;26;Protection;Chernihivska;Chernihivskyi;Kyselivska;Voznesenske;13.12.2023;general services;ukrainian;Valeriia Yakubenko, Yuliia Pastushenko;Rural;Male;57;Conflict affected;YES;
CHJ - Chernihiv;ECHO;UKR-000322;26;Protection;Chernihivska;Chernihivskyi;Kyselivska;Voznesenske;13.12.2023;general services;ukrainian;Valeriia Yakubenko, Yuliia Pastushenko;Rural;Female;51;Conflict affected;YES;
CHJ - Chernihiv;ECHO;UKR-000322;27;Protection;Chernihivska;Chernihivskyi;Kulykivska;Kulykivka;19.12.2023;general services;ukrainian;Valeriia Yakubenko, Yuliia Pastushenko;Rural;Male;64;IDP;;
CHJ - Chernihiv;ECHO;UKR-000322;27;Protection;Chernihivska;Chernihivskyi;Kulykivska;Kulykivka;19.12.2023;general services;ukrainian;Valeriia Yakubenko, Yuliia Pastushenko;Rural;Female;62;IDP;;
CHJ - Chernihiv;ECHO;UKR-000322;27;Protection;Chernihivska;Chernihivskyi;Kulykivska;Kulykivka;19.12.2023;general services;ukrainian;Valeriia Yakubenko, Yuliia Pastushenko;Rural;Female;38;IDP;;
CHJ - Chernihiv;ECHO;UKR-000322;27;Protection;Chernihivska;Chernihivskyi;Kulykivska;Kulykivka;19.12.2023;general services;ukrainian;Valeriia Yakubenko, Yuliia Pastushenko;Rural;Female;31;IDP;;
CHJ - Chernihiv;ECHO;UKR-000322;27;Protection;Chernihivska;Chernihivskyi;Kulykivska;Kulykivka;19.12.2023;general services;ukrainian;Valeriia Yakubenko, Yuliia Pastushenko;Rural;Female;54;IDP;;
CHJ - Chernihiv;ECHO;UKR-000322;27;Protection;Chernihivska;Chernihivskyi;Kulykivska;Kulykivka;19.12.2023;general services;ukrainian;Valeriia Yakubenko, Yuliia Pastushenko;Rural;Female;49;IDP;YES;
CHJ - Chernihiv;ECHO;UKR-000322;27;Protection;Chernihivska;Chernihivskyi;Kulykivska;Kulykivka;19.12.2023;general services;ukrainian;Valeriia Yakubenko, Yuliia Pastushenko;Rural;Male;54;IDP;YES;
CHJ - Chernihiv;ECHO;UKR-000322;27;Protection;Chernihivska;Chernihivskyi;Kulykivska;Kulykivka;19.12.2023;general services;ukrainian;Valeriia Yakubenko, Yuliia Pastushenko;Rural;Female;55;IDP;YES;
CHJ - Chernihiv;ECHO;UKR-000322;27;Protection;Chernihivska;Chernihivskyi;Kulykivska;Kulykivka;19.12.2023;general services;ukrainian;Valeriia Yakubenko, Yuliia Pastushenko;Rural;Female;57;IDP;;
CHJ - Chernihiv;ECHO;UKR-000322;27;Protection;Chernihivska;Chernihivskyi;Kulykivska;Kulykivka;19.12.2023;general services;ukrainian;Valeriia Yakubenko, Yuliia Pastushenko;Rural;Female;74;IDP;;
CHJ - Chernihiv;ECHO;UKR-000322;27;Protection;Chernihivska;Chernihivskyi;Kulykivska;Kulykivka;19.12.2023;general services;ukrainian;Valeriia Yakubenko, Yuliia Pastushenko;Rural;Male;72;IDP;;
CHJ - Chernihiv;ECHO;UKR-000322;27;Protection;Chernihivska;Chernihivskyi;Kulykivska;Kulykivka;19.12.2023;general services;ukrainian;Valeriia Yakubenko, Yuliia Pastushenko;Rural;Female;41;IDP;;
CHJ - Chernihiv;ECHO;UKR-000322;27;Protection;Chernihivska;Chernihivskyi;Kulykivska;Kulykivka;19.12.2023;general services;ukrainian;Valeriia Yakubenko, Yuliia Pastushenko;Rural;Female;48;Conflict affected;;
CHJ - Chernihiv;ECHO;UKR-000322;27;Protection;Chernihivska;Chernihivskyi;Kulykivska;Kulykivka;19.12.2023;general services;ukrainian;Valeriia Yakubenko, Yuliia Pastushenko;Rural;Female;43;IDP;;
CHJ - Chernihiv;ECHO;UKR-000322;27;Protection;Chernihivska;Chernihivskyi;Kulykivska;Kulykivka;19.12.2023;general services;ukrainian;Valeriia Yakubenko, Yuliia Pastushenko;Rural;Female;41;IDP;;
CHJ - Chernihiv;ECHO;UKR-000322;27;Protection;Chernihivska;Chernihivskyi;Kulykivska;Kulykivka;19.12.2023;general services;ukrainian;Valeriia Yakubenko, Yuliia Pastushenko;Rural;Male;58;IDP;YES;
CHJ - Chernihiv;ECHO;UKR-000322;27;Protection;Chernihivska;Chernihivskyi;Kulykivska;Kulykivka;19.12.2023;general services;ukrainian;Valeriia Yakubenko, Yuliia Pastushenko;Rural;Female;58;Conflict affected;YES;
CHJ - Chernihiv;ECHO;UKR-000322;28;Protection;Chernihivska;Koriukivskyi;Koriukivska;Koriukivka;08.01.2024;Basic cyber security;ukrainian;Valeriia Yakubenko, Yuliia Pastushenko;Urban;Male;49;Conflict affected;YES;
CHJ - Chernihiv;ECHO;UKR-000322;28;Protection;Chernihivska;Koriukivskyi;Koriukivska;Koriukivka;08.01.2024;Basic cyber security;ukrainian;Valeriia Yakubenko, Yuliia Pastushenko;Urban;Male;32;Conflict affected;YES;
CHJ - Chernihiv;ECHO;UKR-000322;28;Protection;Chernihivska;Koriukivskyi;Koriukivska;Koriukivka;08.01.2024;Basic cyber security;ukrainian;Valeriia Yakubenko, Yuliia Pastushenko;Urban;Male;65;Conflict affected;YES;
CHJ - Chernihiv;ECHO;UKR-000322;28;Protection;Chernihivska;Koriukivskyi;Koriukivska;Koriukivka;08.01.2024;Basic cyber security;ukrainian;Valeriia Yakubenko, Yuliia Pastushenko;Urban;Female;49;Conflict affected;YES;
CHJ - Chernihiv;ECHO;UKR-000322;28;Protection;Chernihivska;Koriukivskyi;Koriukivska;Koriukivka;08.01.2024;Basic cyber security;ukrainian;Valeriia Yakubenko, Yuliia Pastushenko;Urban;Male;24;Conflict affected;YES;
CHJ - Chernihiv;ECHO;UKR-000322;28;Protection;Chernihivska;Koriukivskyi;Koriukivska;Koriukivka;08.01.2024;Basic cyber security;ukrainian;Valeriia Yakubenko, Yuliia Pastushenko;Urban;Female;46;Conflict affected;YES;
CHJ - Chernihiv;ECHO;UKR-000322;28;Protection;Chernihivska;Koriukivskyi;Koriukivska;Koriukivka;08.01.2024;Basic cyber security;ukrainian;Valeriia Yakubenko, Yuliia Pastushenko;Urban;Female;59;Conflict affected;YES;
CHJ - Chernihiv;ECHO;UKR-000322;28;Protection;Chernihivska;Koriukivskyi;Koriukivska;Koriukivka;08.01.2024;Basic cyber security;ukrainian;Valeriia Yakubenko, Yuliia Pastushenko;Urban;Female;64;Conflict affected;YES;
CHJ - Chernihiv;ECHO;UKR-000322;28;Protection;Chernihivska;Koriukivskyi;Koriukivska;Koriukivka;08.01.2024;Basic cyber security;ukrainian;Valeriia Yakubenko, Yuliia Pastushenko;Urban;Female;48;Conflict affected;YES;
CHJ - Chernihiv;ECHO;UKR-000322;28;Protection;Chernihivska;Koriukivskyi;Koriukivska;Koriukivka;08.01.2024;Basic cyber security;ukrainian;Valeriia Yakubenko, Yuliia Pastushenko;Urban;Female;26;Conflict affected;YES;
CHJ - Chernihiv;ECHO;UKR-000322;28;Protection;Chernihivska;Koriukivskyi;Koriukivska;Koriukivka;08.01.2024;Basic cyber security;ukrainian;Valeriia Yakubenko, Yuliia Pastushenko;Urban;Female;62;Conflict affected;YES;
CHJ - Chernihiv;ECHO;UKR-000322;29;Protection;Chernihivska;Chernihivskyi;Kulykivska;Horbove;09.01.2024;Mental health;ukrainian;Tetiana Kolot;Rural;Female;34;Host community;YES;
CHJ - Chernihiv;ECHO;UKR-000322;29;Protection;Chernihivska;Chernihivskyi;Kulykivska;Horbove;09.01.2024;Mental health;ukrainian;Tetiana Kolot;Rural;Female;61;Host community;YES;
CHJ - Chernihiv;ECHO;UKR-000322;29;Protection;Chernihivska;Chernihivskyi;Kulykivska;Horbove;09.01.2024;Mental health;ukrainian;Tetiana Kolot;Rural;Female;73;Host community;YES;
CHJ - Chernihiv;ECHO;UKR-000322;29;Protection;Chernihivska;Chernihivskyi;Kulykivska;Horbove;09.01.2024;Mental health;ukrainian;Tetiana Kolot;Rural;Female;58;Host community;YES;
CHJ - Chernihiv;ECHO;UKR-000322;29;Protection;Chernihivska;Chernihivskyi;Kulykivska;Horbove;09.01.2024;Mental health;ukrainian;Tetiana Kolot;Rural;Female;41;Host community;YES;
CHJ - Chernihiv;ECHO;UKR-000322;29;Protection;Chernihivska;Chernihivskyi;Kulykivska;Horbove;09.01.2024;Mental health;ukrainian;Tetiana Kolot;Rural;Female;38;Host community;YES;
CHJ - Chernihiv;ECHO;UKR-000322;29;Protection;Chernihivska;Chernihivskyi;Kulykivska;Horbove;09.01.2024;Mental health;ukrainian;Tetiana Kolot;Rural;Male;55;Host community;YES;
CHJ - Chernihiv;ECHO;UKR-000322;29;Protection;Chernihivska;Chernihivskyi;Kulykivska;Horbove;09.01.2024;Mental health;ukrainian;Tetiana Kolot;Rural;Female;50;Host community;YES;
CHJ - Chernihiv;ECHO;UKR-000322;29;Protection;Chernihivska;Chernihivskyi;Kulykivska;Horbove;09.01.2024;Mental health;ukrainian;Tetiana Kolot;Rural;Female;63;Host community;YES;
CHJ - Chernihiv;ECHO;UKR-000322;29;Protection;Chernihivska;Chernihivskyi;Kulykivska;Horbove;09.01.2024;Mental health;ukrainian;Tetiana Kolot;Rural;Female;69;Host community;YES;
CHJ - Chernihiv;ECHO;UKR-000322;30;Protection;Chernihivska;Prylutskyi;Ichnianska;Ichnia;09.01.2024;Basic cyber security;ukrainian;Yuliia Pastushenko Valeriia Yakubenko;Urban;Female;43;Conflict affected;YES;
CHJ - Chernihiv;ECHO;UKR-000322;30;Protection;Chernihivska;Prylutskyi;Ichnianska;Ichnia;09.01.2024;Basic cyber security;ukrainian;Yuliia Pastushenko Valeriia Yakubenko;Urban;Female;48;Conflict affected;YES;
CHJ - Chernihiv;ECHO;UKR-000322;30;Protection;Chernihivska;Prylutskyi;Ichnianska;Ichnia;09.01.2024;Basic cyber security;ukrainian;Yuliia Pastushenko Valeriia Yakubenko;Urban;Female;39;Conflict affected;YES;
CHJ - Chernihiv;ECHO;UKR-000322;30;Protection;Chernihivska;Prylutskyi;Ichnianska;Ichnia;09.01.2024;Basic cyber security;ukrainian;Yuliia Pastushenko Valeriia Yakubenko;Urban;Female;39;Conflict affected;YES;
CHJ - Chernihiv;ECHO;UKR-000322;30;Protection;Chernihivska;Prylutskyi;Ichnianska;Ichnia;09.01.2024;Basic cyber security;ukrainian;Yuliia Pastushenko Valeriia Yakubenko;Urban;Female;45;Conflict affected;YES;
CHJ - Chernihiv;ECHO;UKR-000322;30;Protection;Chernihivska;Prylutskyi;Ichnianska;Ichnia;09.01.2024;Basic cyber security;ukrainian;Yuliia Pastushenko Valeriia Yakubenko;Urban;Female;57;Conflict affected;YES;
CHJ - Chernihiv;ECHO;UKR-000322;30;Protection;Chernihivska;Prylutskyi;Ichnianska;Ichnia;09.01.2024;Basic cyber security;ukrainian;Yuliia Pastushenko Valeriia Yakubenko;Urban;Male;33;Conflict affected;YES;
CHJ - Chernihiv;ECHO;UKR-000322;30;Protection;Chernihivska;Prylutskyi;Ichnianska;Ichnia;09.01.2024;Basic cyber security;ukrainian;Yuliia Pastushenko Valeriia Yakubenko;Urban;Female;40;Conflict affected;YES;
CHJ - Chernihiv;ECHO;UKR-000322;30;Protection;Chernihivska;Prylutskyi;Ichnianska;Ichnia;09.01.2024;Basic cyber security;ukrainian;Yuliia Pastushenko Valeriia Yakubenko;Urban;Female;35;Conflict affected;YES;
CHJ - Chernihiv;ECHO;UKR-000322;30;Protection;Chernihivska;Prylutskyi;Ichnianska;Ichnia;09.01.2024;Basic cyber security;ukrainian;Yuliia Pastushenko Valeriia Yakubenko;Urban;Female;45;Conflict affected;YES;
CHJ - Chernihiv;ECHO;UKR-000322;30;Protection;Chernihivska;Prylutskyi;Ichnianska;Ichnia;09.01.2024;Basic cyber security;ukrainian;Yuliia Pastushenko Valeriia Yakubenko;Urban;Female;55;Conflict affected;YES;
CHJ - Chernihiv;ECHO;UKR-000322;30;Protection;Chernihivska;Prylutskyi;Ichnianska;Ichnia;09.01.2024;Basic cyber security;ukrainian;Yuliia Pastushenko Valeriia Yakubenko;Urban;Female;37;Conflict affected;YES;
CHJ - Chernihiv;ECHO;UKR-000322;30;Protection;Chernihivska;Prylutskyi;Ichnianska;Ichnia;09.01.2024;Basic cyber security;ukrainian;Yuliia Pastushenko Valeriia Yakubenko;Urban;Female;48;Conflict affected;YES;
CHJ - Chernihiv;ECHO;UKR-000322;30;Protection;Chernihivska;Prylutskyi;Ichnianska;Ichnia;09.01.2024;Basic cyber security;ukrainian;Yuliia Pastushenko Valeriia Yakubenko;Urban;Female;51;Conflict affected;YES;
CHJ - Chernihiv;ECHO;UKR-000322;30;Protection;Chernihivska;Prylutskyi;Ichnianska;Ichnia;09.01.2024;Basic cyber security;ukrainian;Yuliia Pastushenko Valeriia Yakubenko;Urban;Female;53;Conflict affected;YES;
CHJ - Chernihiv;ECHO;UKR-000322;30;Protection;Chernihivska;Prylutskyi;Ichnianska;Ichnia;09.01.2024;Basic cyber security;ukrainian;Yuliia Pastushenko Valeriia Yakubenko;Urban;Female;47;Conflict affected;YES;
CHJ - Chernihiv;ECHO;UKR-000322;30;Protection;Chernihivska;Prylutskyi;Ichnianska;Ichnia;09.01.2024;Basic cyber security;ukrainian;Yuliia Pastushenko Valeriia Yakubenko;Urban;Female;49;IDP;YES;
CHJ - Chernihiv;ECHO;UKR-000322;31;Protection;Chernihivska;Chernihivskyi;"
Kiptivska";Vovchok;10.01.2024;Mental health;ukrainian;Tetiana Kolot;Rural;Female;56;IDP;YES;
CHJ - Chernihiv;ECHO;UKR-000322;31;Protection;Chernihivska;Chernihivskyi;"
Kiptivska";Vovchok;10.01.2024;Mental health;ukrainian;Tetiana Kolot;Rural;Female;69;Conflict affected;YES;
CHJ - Chernihiv;ECHO;UKR-000322;31;Protection;Chernihivska;Chernihivskyi;"
Kiptivska";Vovchok;10.01.2024;Mental health;ukrainian;Tetiana Kolot;Rural;Female;50;Conflict affected;YES;
CHJ - Chernihiv;ECHO;UKR-000322;31;Protection;Chernihivska;Chernihivskyi;"
Kiptivska";Vovchok;10.01.2024;Mental health;ukrainian;Tetiana Kolot;Rural;Female;69;Conflict affected;YES;
CHJ - Chernihiv;ECHO;UKR-000322;31;Protection;Chernihivska;Chernihivskyi;"
Kiptivska";Vovchok;10.01.2024;Mental health;ukrainian;Tetiana Kolot;Rural;Male;44;Conflict affected;YES;
CHJ - Chernihiv;ECHO;UKR-000322;31;Protection;Chernihivska;Chernihivskyi;"
Kiptivska";Vovchok;10.01.2024;Mental health;ukrainian;Tetiana Kolot;Rural;Female;66;Conflict affected;YES;
CHJ - Chernihiv;ECHO;UKR-000322;31;Protection;Chernihivska;Chernihivskyi;"
Kiptivska";Vovchok;10.01.2024;Mental health;ukrainian;Tetiana Kolot;Rural;Female;45;Conflict affected;YES;
CHJ - Chernihiv;ECHO;UKR-000322;31;Protection;Chernihivska;Chernihivskyi;"
Kiptivska";Vovchok;10.01.2024;Mental health;ukrainian;Tetiana Kolot;Rural;Female;49;Conflict affected;YES;
CHJ - Chernihiv;ECHO;UKR-000322;31;Protection;Chernihivska;Chernihivskyi;"
Kiptivska";Vovchok;10.01.2024;Mental health;ukrainian;Tetiana Kolot;Rural;Female;73;Conflict affected;YES;
CHJ - Chernihiv;ECHO;UKR-000322;31;Protection;Chernihivska;Chernihivskyi;"
Kiptivska";Vovchok;10.01.2024;Mental health;ukrainian;Tetiana Kolot;Rural;Female;74;Conflict affected;YES;
CHJ - Chernihiv;ECHO;UKR-000322;31;Protection;Chernihivska;Chernihivskyi;"
Kiptivska";Vovchok;10.01.2024;Mental health;ukrainian;Tetiana Kolot;Rural;Female;64;Conflict affected;YES;
CHJ - Chernihiv;ECHO;UKR-000322;31;Protection;Chernihivska;Chernihivskyi;"
Kiptivska";Vovchok;10.01.2024;Mental health;ukrainian;Tetiana Kolot;Rural;Female;77;Conflict affected;YES;
CHJ - Chernihiv;ECHO;UKR-000322;31;Protection;Chernihivska;Chernihivskyi;"
Kiptivska";Vovchok;10.01.2024;Mental health;ukrainian;Tetiana Kolot;Rural;Female;61;Conflict affected;YES;
CHJ - Chernihiv;ECHO;UKR-000322;31;Protection;Chernihivska;Chernihivskyi;"
Kiptivska";Vovchok;10.01.2024;Mental health;ukrainian;Tetiana Kolot;Rural;Female;30;Conflict affected;YES;
CHJ - Chernihiv;ECHO;UKR-000322;31;Protection;Chernihivska;Chernihivskyi;"
Kiptivska";Vovchok;10.01.2024;Mental health;ukrainian;Tetiana Kolot;Rural;Female;59;Conflict affected;YES;
CHJ - Chernihiv;ECHO;UKR-000322;31;Protection;Chernihivska;Chernihivskyi;"
Kiptivska";Vovchok;10.01.2024;Mental health;ukrainian;Tetiana Kolot;Rural;Female;58;Conflict affected;YES;
CHJ - Chernihiv;ECHO;UKR-000322;31;Protection;Chernihivska;Chernihivskyi;"
Kiptivska";Vovchok;10.01.2024;Mental health;ukrainian;Tetiana Kolot;Rural;Female;49;Conflict affected;YES;
CHJ - Chernihiv;ECHO;UKR-000322;31;Protection;Chernihivska;Chernihivskyi;"
Kiptivska";Vovchok;10.01.2024;Mental health;ukrainian;Tetiana Kolot;Rural;Female;72;Conflict affected;YES;
CHJ - Chernihiv;ECHO;UKR-000322;31;Protection;Chernihivska;Chernihivskyi;"
Kiptivska";Vovchok;10.01.2024;Mental health;ukrainian;Tetiana Kolot;Rural;Female;44;Conflict affected;YES;
CHJ - Chernihiv;ECHO;UKR-000322;31;Protection;Chernihivska;Chernihivskyi;"
Kiptivska";Vovchok;10.01.2024;Mental health;ukrainian;Tetiana Kolot;Rural;Male;88;Conflict affected;YES;
CHJ - Chernihiv;ECHO;UKR-000322;31;Protection;Chernihivska;Chernihivskyi;"
Kiptivska";Vovchok;10.01.2024;Mental health;ukrainian;Tetiana Kolot;Rural;Female;59;Conflict affected;YES;
CHJ - Chernihiv;ECHO;UKR-000322;32;Protection;Chernihivska;Novhorod-Siverskyi;Koropska;Korop;10.01.2024;Basic cyber security;ukrainian;Yuliia Pastushenko Valeriia Yakubenko;Rural;Female;30;Conflict affected;YES;
CHJ - Chernihiv;ECHO;UKR-000322;32;Protection;Chernihivska;Novhorod-Siverskyi;Koropska;Korop;10.01.2024;Basic cyber security;ukrainian;Yuliia Pastushenko Valeriia Yakubenko;Rural;Female;33;Conflict affected;YES;
CHJ - Chernihiv;ECHO;UKR-000322;32;Protection;Chernihivska;Novhorod-Siverskyi;Koropska;Korop;10.01.2024;Basic cyber security;ukrainian;Yuliia Pastushenko Valeriia Yakubenko;Rural;Female;35;Conflict affected;YES;
CHJ - Chernihiv;ECHO;UKR-000322;32;Protection;Chernihivska;Novhorod-Siverskyi;Koropska;Korop;10.01.2024;Basic cyber security;ukrainian;Yuliia Pastushenko Valeriia Yakubenko;Rural;Female;44;Conflict affected;YES;
CHJ - Chernihiv;ECHO;UKR-000322;32;Protection;Chernihivska;Novhorod-Siverskyi;Koropska;Korop;10.01.2024;Basic cyber security;ukrainian;Yuliia Pastushenko Valeriia Yakubenko;Rural;Female;32;Conflict affected;YES;
CHJ - Chernihiv;ECHO;UKR-000322;32;Protection;Chernihivska;Novhorod-Siverskyi;Koropska;Korop;10.01.2024;Basic cyber security;ukrainian;Yuliia Pastushenko Valeriia Yakubenko;Rural;Male;35;Conflict affected;YES;
CHJ - Chernihiv;ECHO;UKR-000322;32;Protection;Chernihivska;Novhorod-Siverskyi;Koropska;Korop;10.01.2024;Basic cyber security;ukrainian;Yuliia Pastushenko Valeriia Yakubenko;Rural;Male;40;Conflict affected;YES;
CHJ - Chernihiv;ECHO;UKR-000322;32;Protection;Chernihivska;Novhorod-Siverskyi;Koropska;Korop;10.01.2024;Basic cyber security;ukrainian;Yuliia Pastushenko Valeriia Yakubenko;Rural;Female;43;Conflict affected;YES;
CHJ - Chernihiv;ECHO;UKR-000322;32;Protection;Chernihivska;Novhorod-Siverskyi;Koropska;Korop;10.01.2024;Basic cyber security;ukrainian;Yuliia Pastushenko Valeriia Yakubenko;Rural;Female;52;Conflict affected;YES;
CHJ - Chernihiv;ECHO;UKR-000322;32;Protection;Chernihivska;Novhorod-Siverskyi;Koropska;Korop;10.01.2024;Basic cyber security;ukrainian;Yuliia Pastushenko Valeriia Yakubenko;Rural;Female;40;Conflict affected;YES;
CHJ - Chernihiv;ECHO;UKR-000322;32;Protection;Chernihivska;Novhorod-Siverskyi;Koropska;Korop;10.01.2024;Basic cyber security;ukrainian;Yuliia Pastushenko Valeriia Yakubenko;Rural;Female;48;Conflict affected;YES;
CHJ - Chernihiv;ECHO;UKR-000322;32;Protection;Chernihivska;Novhorod-Siverskyi;Koropska;Korop;10.01.2024;Basic cyber security;ukrainian;Yuliia Pastushenko Valeriia Yakubenko;Rural;Female;53;Conflict affected;YES;
CHJ - Chernihiv;ECHO;UKR-000322;32;Protection;Chernihivska;Novhorod-Siverskyi;Koropska;Korop;10.01.2024;Basic cyber security;ukrainian;Yuliia Pastushenko Valeriia Yakubenko;Rural;Female;57;Conflict affected;YES;
CHJ - Chernihiv;ECHO;UKR-000322;32;Protection;Chernihivska;Novhorod-Siverskyi;Koropska;Korop;10.01.2024;Basic cyber security;ukrainian;Yuliia Pastushenko Valeriia Yakubenko;Rural;Female;32;Conflict affected;YES;
CHJ - Chernihiv;ECHO;UKR-000322;32;Protection;Chernihivska;Novhorod-Siverskyi;Koropska;Korop;10.01.2024;Basic cyber security;ukrainian;Yuliia Pastushenko Valeriia Yakubenko;Rural;Male;32;Conflict affected;YES;
CHJ - Chernihiv;ECHO;UKR-000322;33;Protection;Chernihivska;Chernihivskyi;Kiptivska;Prohres;11.01.2024;Mental health;ukrainian;Zhanna Ohanesian;Rural;Female;46;Conflict affected;YES;
CHJ - Chernihiv;ECHO;UKR-000322;33;Protection;Chernihivska;Chernihivskyi;Kiptivska;Prohres;11.01.2024;Mental health;ukrainian;Zhanna Ohanesian;Rural;Female;68;Conflict affected;YES;
CHJ - Chernihiv;ECHO;UKR-000322;33;Protection;Chernihivska;Chernihivskyi;Kiptivska;Prohres;11.01.2024;Mental health;ukrainian;Zhanna Ohanesian;Rural;Female;60;Conflict affected;YES;
CHJ - Chernihiv;ECHO;UKR-000322;33;Protection;Chernihivska;Chernihivskyi;Kiptivska;Prohres;11.01.2024;Mental health;ukrainian;Zhanna Ohanesian;Rural;Female;52;Conflict affected;YES;
CHJ - Chernihiv;ECHO;UKR-000322;33;Protection;Chernihivska;Chernihivskyi;Kiptivska;Prohres;11.01.2024;Mental health;ukrainian;Zhanna Ohanesian;Rural;Female;52;Conflict affected;YES;
CHJ - Chernihiv;ECHO;UKR-000322;33;Protection;Chernihivska;Chernihivskyi;Kiptivska;Prohres;11.01.2024;Mental health;ukrainian;Zhanna Ohanesian;Rural;Female;40;IDP;YES;
CHJ - Chernihiv;ECHO;UKR-000322;33;Protection;Chernihivska;Chernihivskyi;Kiptivska;Prohres;11.01.2024;Mental health;ukrainian;Zhanna Ohanesian;Rural;Female;61;Conflict affected;YES;
CHJ - Chernihiv;ECHO;UKR-000322;33;Protection;Chernihivska;Chernihivskyi;Kiptivska;Prohres;11.01.2024;Mental health;ukrainian;Zhanna Ohanesian;Rural;Female;47;Conflict affected;YES;
CHJ - Chernihiv;ECHO;UKR-000322;33;Protection;Chernihivska;Chernihivskyi;Kiptivska;Prohres;11.01.2024;Mental health;ukrainian;Zhanna Ohanesian;Rural;Female;68;Conflict affected;YES;
CHJ - Chernihiv;ECHO;UKR-000322;33;Protection;Chernihivska;Chernihivskyi;Kiptivska;Prohres;11.01.2024;Mental health;ukrainian;Zhanna Ohanesian;Rural;Female;52;Conflict affected;YES;
CHJ - Chernihiv;ECHO;UKR-000322;33;Protection;Chernihivska;Chernihivskyi;Kiptivska;Prohres;11.01.2024;Mental health;ukrainian;Zhanna Ohanesian;Rural;Female;42;Conflict affected;YES;
CHJ - Chernihiv;ECHO;UKR-000322;33;Protection;Chernihivska;Chernihivskyi;Kiptivska;Prohres;11.01.2024;Mental health;ukrainian;Zhanna Ohanesian;Rural;Female;51;Conflict affected;YES;
CHJ - Chernihiv;ECHO;UKR-000322;33;Protection;Chernihivska;Chernihivskyi;Kiptivska;Prohres;11.01.2024;Mental health;ukrainian;Zhanna Ohanesian;Rural;Female;50;Conflict affected;YES;
CHJ - Chernihiv;ECHO;UKR-000322;33;Protection;Chernihivska;Chernihivskyi;Kiptivska;Prohres;11.01.2024;Mental health;ukrainian;Zhanna Ohanesian;Rural;Female;56;Conflict affected;YES;
CHJ - Chernihiv;ECHO;UKR-000322;33;Protection;Chernihivska;Chernihivskyi;Kiptivska;Prohres;11.01.2024;Mental health;ukrainian;Zhanna Ohanesian;Rural;Female;39;Conflict affected;YES;
CHJ - Chernihiv;ECHO;UKR-000322;33;Protection;Chernihivska;Chernihivskyi;Kiptivska;Prohres;11.01.2024;Mental health;ukrainian;Zhanna Ohanesian;Rural;Female;34;Conflict affected;YES;
CHJ - Chernihiv;ECHO;UKR-000322;33;Protection;Chernihivska;Chernihivskyi;Kiptivska;Prohres;11.01.2024;Mental health;ukrainian;Zhanna Ohanesian;Rural;Female;43;Conflict affected;YES;
CHJ - Chernihiv;ECHO;UKR-000322;33;Protection;Chernihivska;Chernihivskyi;Kiptivska;Prohres;11.01.2024;Mental health;ukrainian;Zhanna Ohanesian;Rural;Male;40;Conflict affected;YES;
CHJ - Chernihiv;UHF-VI;UKR-000336;13;Protection;Chernihivska;Koriukivska;Snovska;Petrivka;07.09.2023;general services;ukrainian;Valeriia Yakubenko;Rural;Female;74;Conflict affected;YES;
CHJ - Chernihiv;UHF-VI;UKR-000336;13;Protection;Chernihivska;Koriukivska;Snovska;Petrivka;07.09.2023;general services;ukrainian;Valeriia Yakubenko;Rural;Female;83;Conflict affected;YES;
CHJ - Chernihiv;UHF-VI;UKR-000336;13;Protection;Chernihivska;Koriukivska;Snovska;Petrivka;07.09.2023;general services;ukrainian;Valeriia Yakubenko;Rural;Female;62;Host community;YES;
CHJ - Chernihiv;UHF-VI;UKR-000336;13;Protection;Chernihivska;Koriukivska;Snovska;Petrivka;07.09.2023;general services;ukrainian;Valeriia Yakubenko;Rural;Male;39;Conflict affected;YES;
CHJ - Chernihiv;UHF-VI;UKR-000336;13;Protection;Chernihivska;Koriukivska;Snovska;Petrivka;07.09.2023;general services;ukrainian;Valeriia Yakubenko;Rural;Female;66;Conflict affected;YES;
CHJ - Chernihiv;UHF-VI;UKR-000336;13;Protection;Chernihivska;Koriukivska;Snovska;Petrivka;07.09.2023;general services;ukrainian;Valeriia Yakubenko;Rural;Female;38;Conflict affected;YES;
CHJ - Chernihiv;UHF-VI;UKR-000336;13;Protection;Chernihivska;Koriukivska;Snovska;Petrivka;07.09.2023;general services;ukrainian;Valeriia Yakubenko;Rural;Female;48;Conflict affected;YES;
CHJ - Chernihiv;UHF-VI;UKR-000336;13;Protection;Chernihivska;Koriukivska;Snovska;Petrivka;07.09.2023;general services;ukrainian;Valeriia Yakubenko;Rural;Female;55;Conflict affected;YES;
CHJ - Chernihiv;UHF-VI;UKR-000336;13;Protection;Chernihivska;Koriukivska;Snovska;Petrivka;07.09.2023;general services;ukrainian;Valeriia Yakubenko;Rural;Female;55;Conflict affected;YES;
CHJ - Chernihiv;UHF-VI;UKR-000336;13;Protection;Chernihivska;Koriukivska;Snovska;Petrivka;07.09.2023;general services;ukrainian;Valeriia Yakubenko;Rural;Female;52;Conflict affected;YES;
CHJ - Chernihiv;UHF-VI;UKR-000336;13;Protection;Chernihivska;Koriukivska;Snovska;Petrivka;07.09.2023;general services;ukrainian;Valeriia Yakubenko;Rural;Female;50;Conflict affected;YES;
CHJ - Chernihiv;UHF-VI;UKR-000336;13;Protection;Chernihivska;Koriukivska;Snovska;Petrivka;07.09.2023;general services;ukrainian;Valeriia Yakubenko;Rural;Female;54;Conflict affected;YES;
CHJ - Chernihiv;UHF-VI;UKR-000336;13;Protection;Chernihivska;Koriukivska;Snovska;Petrivka;07.09.2023;general services;ukrainian;Valeriia Yakubenko;Rural;Female;40;Conflict affected;YES;
CHJ - Chernihiv;UHF-VI;UKR-000336;13;Protection;Chernihivska;Koriukivska;Snovska;Petrivka;07.09.2023;general services;ukrainian;Valeriia Yakubenko;Rural;Male;69;Conflict affected;YES;
CHJ - Chernihiv;UHF-VI;UKR-000336;13;Protection;Chernihivska;Koriukivska;Snovska;Petrivka;07.09.2023;general services;ukrainian;Valeriia Yakubenko;Rural;Female;56;Conflict affected;YES;
CHJ - Chernihiv;UHF-VI;UKR-000336;13;Protection;Chernihivska;Koriukivska;Snovska;Petrivka;07.09.2023;general services;ukrainian;Valeriia Yakubenko;Rural;Male;59;Conflict affected;YES;
CHJ - Chernihiv;UHF-VI;UKR-000336;13;Protection;Chernihivska;Koriukivska;Snovska;Petrivka;07.09.2023;general services;ukrainian;Valeriia Yakubenko;Rural;Female;53;Conflict affected;YES;
CHJ - Chernihiv;UHF-VI;UKR-000336;14;Protection;Chernihivska;Koriukivska;Menska;Mena;13.09.2023;general services;ukrainian;Valeriia Yakubenko;Urban;Female;39;Conflict affected;YES;
CHJ - Chernihiv;UHF-VI;UKR-000336;14;Protection;Chernihivska;Koriukivska;Menska;Mena;13.09.2023;general services;ukrainian;Valeriia Yakubenko;Urban;Female;22;Conflict affected;YES;
CHJ - Chernihiv;UHF-VI;UKR-000336;14;Protection;Chernihivska;Koriukivska;Menska;Mena;13.09.2023;general services;ukrainian;Valeriia Yakubenko;Urban;Female;32;Conflict affected;YES;
CHJ - Chernihiv;UHF-VI;UKR-000336;14;Protection;Chernihivska;Koriukivska;Menska;Mena;13.09.2023;general services;ukrainian;Valeriia Yakubenko;Urban;Female;62;IDP;YES;
CHJ - Chernihiv;UHF-VI;UKR-000336;14;Protection;Chernihivska;Koriukivska;Menska;Mena;13.09.2023;general services;ukrainian;Valeriia Yakubenko;Urban;Female;27;IDP;YES;
CHJ - Chernihiv;UHF-VI;UKR-000336;14;Protection;Chernihivska;Koriukivska;Menska;Mena;13.09.2023;general services;ukrainian;Valeriia Yakubenko;Urban;Female;22;Conflict affected;YES;
CHJ - Chernihiv;UHF-VI;UKR-000336;15;Protection;Chernihivska;Chernihivskyi;Novobilouska;Kuvechychi;20.09.2023;general services;ukrainian;Yurii Stankevych,Iryna Nesterenko;Rural;Female;61;Conflict affected;YES;
CHJ - Chernihiv;UHF-VI;UKR-000336;15;Protection;Chernihivska;Chernihivskyi;Novobilouska;Kuvechychi;20.09.2023;general services;ukrainian;Yurii Stankevych,Iryna Nesterenko;Rural;Female;46;Conflict affected;YES;
CHJ - Chernihiv;UHF-VI;UKR-000336;15;Protection;Chernihivska;Chernihivskyi;Novobilouska;Kuvechychi;20.09.2023;general services;ukrainian;Yurii Stankevych,Iryna Nesterenko;Rural;Female;53;Conflict affected;YES;
CHJ - Chernihiv;UHF-VI;UKR-000336;15;Protection;Chernihivska;Chernihivskyi;Novobilouska;Kuvechychi;20.09.2023;general services;ukrainian;Yurii Stankevych,Iryna Nesterenko;Rural;Female;63;Conflict affected;YES;
CHJ - Chernihiv;UHF-VI;UKR-000336;15;Protection;Chernihivska;Chernihivskyi;Novobilouska;Kuvechychi;20.09.2023;general services;ukrainian;Yurii Stankevych,Iryna Nesterenko;Rural;Female;54;Conflict affected;YES;
CHJ - Chernihiv;UHF-VI;UKR-000336;15;Protection;Chernihivska;Chernihivskyi;Novobilouska;Kuvechychi;20.09.2023;general services;ukrainian;Yurii Stankevych,Iryna Nesterenko;Rural;Female;62;Conflict affected;YES;
CHJ - Chernihiv;UHF-VI;UKR-000336;15;Protection;Chernihivska;Chernihivskyi;Novobilouska;Kuvechychi;20.09.2023;general services;ukrainian;Yurii Stankevych,Iryna Nesterenko;Rural;Female;36;Conflict affected;YES;
CHJ - Chernihiv;UHF-VI;UKR-000336;15;Protection;Chernihivska;Chernihivskyi;Novobilouska;Kuvechychi;20.09.2023;general services;ukrainian;Yurii Stankevych,Iryna Nesterenko;Rural;Female;34;Conflict affected;YES;
CHJ - Chernihiv;UHF-VI;UKR-000336;15;Protection;Chernihivska;Chernihivskyi;Novobilouska;Kuvechychi;20.09.2023;general services;ukrainian;Yurii Stankevych,Iryna Nesterenko;Rural;Female;30;Conflict affected;YES;
CHJ - Chernihiv;UHF-VI;UKR-000336;16;Protection;Chernihivska;Chernihivskyi;Novobilouska;Roishche;02.10.2023;general services;ukrainian;Yurii Stankevych, Yuliia Pastushenko;Rural;Female;55;Host community;YES;
CHJ - Chernihiv;UHF-VI;UKR-000336;16;Protection;Chernihivska;Chernihivskyi;Novobilouska;Roishche;02.10.2023;general services;ukrainian;Yurii Stankevych, Yuliia Pastushenko;Rural;Female;63;Conflict affected;YES;
CHJ - Chernihiv;UHF-VI;UKR-000336;16;Protection;Chernihivska;Chernihivskyi;Novobilouska;Roishche;02.10.2023;general services;ukrainian;Yurii Stankevych, Yuliia Pastushenko;Rural;Female;48;Conflict affected;YES;
CHJ - Chernihiv;UHF-VI;UKR-000336;16;Protection;Chernihivska;Chernihivskyi;Novobilouska;Roishche;02.10.2023;general services;ukrainian;Yurii Stankevych, Yuliia Pastushenko;Rural;Female;76;Conflict affected;YES;
CHJ - Chernihiv;UHF-VI;UKR-000336;16;Protection;Chernihivska;Chernihivskyi;Novobilouska;Roishche;02.10.2023;general services;ukrainian;Yurii Stankevych, Yuliia Pastushenko;Rural;Female;40;Conflict affected;YES;
CHJ - Chernihiv;UHF-VI;UKR-000336;16;Protection;Chernihivska;Chernihivskyi;Novobilouska;Roishche;02.10.2023;general services;ukrainian;Yurii Stankevych, Yuliia Pastushenko;Rural;Female;51;Conflict affected;YES;